correct,incorrect,type
Man får hoppas att det statliga lekrådet skall få tillräckliga resurser för forskning.,Man får hoppas att det statliga lekrådet skall få tillräckliga för resurser forskning.,flip_neighbours
"Eftersom varje fiber i mitt ' själv ', i mitt ' jag ' är märkt av syndafallet, blir varje allvarligt självförverkligande motsatsen till kärlek.","Eftersom varje fiber i mitt ' själv ', i mitt ' jag ' är märkt syndafallet, blir varje allvarligt självförverkligande motsatsen till kärlek.",delete
På många orter ger arbetsförmedlingen ut lokala platslistor och i tidningen Arbetsmarknaden finns ett urval av lediga platser från hela landet.,På många orter ger arbetsförmedlingen ut lokala platslistor och i tidningen Arbetsmarknaden finns ett urval lediga platser från hela landet.,delete
"Efter valets slut körs boxen till närmaste datacentral, som tar hand om innehållet.","Valets efter slut körs boxen till närmaste datacentral, som tar hand om innehållet.",flip_neighbours
På slutskattesedeln finns den pensionsgrundande inkomsten angiven.,På slutskattesedeln finns den pensionsgrundande angiven.,delete
"De tre var: skalningsindustrin, representerad av storföretaget Ollo-Food i Avesta, potatisodlingens högsta instans docent Birger Svensson, Lantbrukshögskolan, och ' väckarklockan ' Björn Gillberg.","De tre var: skalningsindustrin, representerad av storföretaget Ollo-Food i Avesta, potatisodlingens högsta instans docent Birger Svensson, Lantbrukshögskolan, och ' ' Björn Gillberg.",delete
Den ensamme och sjuke kan meddela sig.,Den ensamme och sjuke meddela kan sig.,flip_neighbours
Svaret på frågan beror på ett flertal faktorer och kan därför bara bli en ganska osäker prognos.,Svaret på frågan beror ett flertal faktorer och kan därför bara bli en ganska osäker prognos.,delete
Men befolkningsexplosionen är unik i jordens historia.,Men befolkningsexplosionen är unik jordens historia.,delete
"Det finns internationella strävanden, i synnerhet inom EEC, till en synkronisering just av socialpolitiken.","Det finns internationella strävanden, i inom synnerhet EEC, till en synkronisering just av socialpolitiken.",flip_neighbours
"Mot detta invänds, att även om gruppäktenskap skulle lösa vissa problem, skulle andra problem skapas, då inte längre en man och en kvinna kunde göra anspråk på att få rå om varandra.","Mot detta invänds, att även om gruppäktenskap skulle lösa vissa problem, skulle andra problem skapas, då inte längre en man och en kvinna kunde göra anspråk att på få rå om varandra.",flip_neighbours
"Det betyder att u-länderna, som har sämst råd, måste satsa mest på utbildning.","betyder att u-länderna, som har sämst råd, måste satsa mest på utbildning.",delete
"Se SOU 1964:58, kap. 4; Blomberg, kap. 3; Eriksson, Kap. Samhället och ungdomsbrottslingarna.","Se SOU 1964:58, kap. 4; Blomberg, kap. 3;, Kap. Samhället och ungdomsbrottslingarna.",delete
Minneslista för grejer som du ska göra åt bilen - detaljer som ska kontrolleras:,Minneslista för grejer som ska du göra åt bilen - detaljer som ska kontrolleras:,flip_neighbours
Sen har många nya vindar blåst.),Sen har många nya blåst.),delete
Många är motståndare till att ha en hund i staden.,Många är motståndare till att en ha hund i staden.,flip_neighbours
Men så länge det råder brist på daghemsplatser måste de förvärvsarbetande föräldrarnas barn komma i första hand.,Men så det länge råder brist på daghemsplatser måste de förvärvsarbetande föräldrarnas barn komma i första hand.,flip_neighbours
"Federalisterna - främst Belgien, Holland, Luxemburg - vill inte att EEC:s politiska målsättning ska uttunnas av att det neutrala Sverige kommer med.","Federalisterna - främst Belgien, Holland, Luxemburg - vill inte EEC:s att politiska målsättning ska uttunnas av att det neutrala Sverige kommer med.",flip_neighbours
"Det är på männens medverkan det beror, om vi skall komma så värst mycket längre.","Det är på männens medverkan det beror, om vi komma så värst mycket längre.",delete
"De behövs i hemmen och ute i arbetslivet, de är flitiga som myror men ger sig vanligen inte tid med något utanför deras egen inrutade tillvaro.","De behövs i hemmen och ute i arbetslivet, de är flitiga myror men ger sig vanligen inte tid med något utanför deras egen inrutade tillvaro.",delete
"I början sågs kommissionen som en upptakt till en Europaregering, med åtföljande politisk makt, men nu har den reducerats till en utpräglad ' tjänstemannamaffia '.","I början sågs kommissionen som en upptakt till en Europaregering, med åtföljande politisk makt, men nu har den reducerats en till utpräglad ' tjänstemannamaffia '.",flip_neighbours
Men det är svårt att se hur man skulle kunna komma ifrån de två nämnda principernas betydelse för ett ordinärt äktenskap: konsensusförklaring och offentligheten.,Men det svårt att se hur man skulle kunna komma ifrån de två nämnda principernas betydelse för ett ordinärt äktenskap: konsensusförklaring och offentligheten.,delete
Men använder de kunskaperna i till exempel matlagning hemma?,Men använder de kunskaperna till exempel matlagning hemma?,delete
För Sverige var ökningen cirka 79 proc.,För var ökningen cirka 79 proc.,delete
Under evolutionen har djur med grupp- eller samhällsbildande beteende gynnats vid selektionen.,Under evolutionen har djur med grupp- samhällsbildande beteende gynnats vid selektionen.,delete
Gör monogami det svårare för dem som inte får tillfälle att leva i ett ordnat monogamt äktenskap att finna meningsfulla roller?,Gör monogami det svårare dem för som inte får tillfälle att leva i ett ordnat monogamt äktenskap att finna meningsfulla roller?,flip_neighbours
"Den form av lagstiftning som undanröjt yttre formella hinder för gifta kvinnors förvärvsarbete har sannolikt gett stöd åt och förstärkt mera yrkesvänliga hustrurollnormer, men man får utgå från en viss eftersläpning av äldre familjeideal med inslag av yrkesfientlighet för kvinnornas del.","Den form av lagstiftning som undanröjt yttre formella hinder gifta för kvinnors förvärvsarbete har sannolikt gett stöd åt och förstärkt mera yrkesvänliga hustrurollnormer, men man får utgå från en viss eftersläpning av äldre familjeideal med inslag av yrkesfientlighet för kvinnornas del.",flip_neighbours
Var och en av personerna förekom tillsammans med samtliga andra men endast en gång tillsammans med var och en av dem.,Var och en av personerna förekom tillsammans med samtliga andra endast men en gång tillsammans med var och en av dem.,flip_neighbours
Samhället har också givit dig en rad förmåner och dessa redovisas längre fram i broschyren.,Har samhället också givit dig en rad förmåner och dessa redovisas längre fram i broschyren.,flip_neighbours
"Formellt sker Danmarks och Norges förhandlingar, som gäller fullt medlemskap, med ministerrådet.","Formellt sker Danmarks och Norges förhandlingar, som gäller fullt medlemskap, ministerrådet.",delete
Kan man komma tillrätta med bostadsköerna?,Man kan komma tillrätta med bostadsköerna?,flip_neighbours
"I stället uppkom nya centra: Nässjö, Alvesta, Hässleholm, Eslöv.","Stället I uppkom nya centra: Nässjö, Alvesta, Hässleholm, Eslöv.",flip_neighbours
Det krävs stora förmögenheter för att giftorätten skall ge någon form av trygghet för den hemarbetande maken.,Det krävs stora förmögenheter för att giftorätten skall ge någon form trygghet av för den hemarbetande maken.,flip_neighbours
I Sverige vårdas 15000-20000 personer på mentalsjukhus för schizofreni.,I Sverige 15000-20000 vårdas personer på mentalsjukhus för schizofreni.,flip_neighbours
Se efter hur många dubbar som fattas.,Se hur efter många dubbar som fattas.,flip_neighbours
Soldaterna bör vara tacksamma mot sin forne kompanichef...,Soldaterna bör tacksamma vara mot sin forne kompanichef...,flip_neighbours
Det innebär att 75-80 proc av den svenska exporten blir tullfri om EEC utvidgas med alla länder som nu förhandlar.,Det innebär att 75-80 proc av den svenska exporten blir tullfri om EEC utvidgas med länder alla som nu förhandlar.,flip_neighbours
"Den röda biten handlar om att röra sig, det är att hoppa, springa, bolla, klättra och gunga etc.","Den röda biten handlar om att röra sig, är det att hoppa, springa, bolla, klättra och gunga etc.",flip_neighbours
Det är nämligen viktigt att däcken rullar i samma riktning som förra vintern.,Det är nämligen viktigt att däcken i rullar samma riktning som förra vintern.,flip_neighbours
Ur en blandning av eftersläpande gammalt och osmält nytt föds lätt osäkerhet och kluvenhet.,Ur en blandning av eftersläpande gammalt och osmält nytt föds osäkerhet lätt och kluvenhet.,flip_neighbours
"I detta fall skulle vi få ett nytt slags äktenskap, som syftar till att reglera förhållandena familjemedlemmarna emellan och som juridiskt jämställer dessa förhållanden med dem som råder i ett vanligt äktenskap.","I detta fall skulle vi få ett nytt slags äktenskap, som syftar till att reglera förhållandena emellan familjemedlemmarna och som juridiskt jämställer dessa förhållanden med dem som råder i ett vanligt äktenskap.",flip_neighbours
Borrningarna till havs kommer troligen inte i gång förrän i början av 1972.,Borrningarna till havs kommer troligen inte i gång i förrän början av 1972.,flip_neighbours
Den nordiska samordningen har redan gått så långt på dessa områden att det anses nödvändigt.,Den nordiska samordningen har redan gått så långt på dessa områden det anses nödvändigt.,delete
De befinner sig i ett socialt och ekonomiskt beroende som gör dem passiva och ofarliga.,De sig i ett socialt och ekonomiskt beroende som gör dem passiva och ofarliga.,delete
Det kan vara ett ganska säkert tecken på blindtarmsinflammation.,Det kan vara ett ganska säkert på tecken blindtarmsinflammation.,flip_neighbours
Efter 100 timmar har glödlamporna tappat halva effekten!,Efter 100 timmar har glödlamporna tappat halva!,delete
Saken kan ses ur flera synpunkter: anstaltsvård är ur samhällets synpunkt en mycket dyrbar vårdform.,Saken kan ses ur synpunkter flera: anstaltsvård är ur samhällets synpunkt en mycket dyrbar vårdform.,flip_neighbours
Detta är bra på barmark - under förutsättning att bilens hjulställ är konstruerat att tåla den större påfrestningen breda däck ger.,Detta är bra på barmark - under förutsättning att bilens hjulställ är konstruerat att tåla den större påfrestningen breda ger däck.,flip_neighbours
"Folk som står länge i bostadskön får kanske ett s k council house, ett billigt hus byggt av kommunen.","Folk som står länge i bostadskön kanske ett s k council house, ett billigt hus byggt av kommunen.",delete
Asea är ett intressant specialfall: där tillämpar man sedan fem år en sådan närvaropremiering som hr Giesecke nyligen föreslagit och hårt angripits för.,Asea är ett intressant specialfall: där tillämpar man sedan fem år en sådan som närvaropremiering hr Giesecke nyligen föreslagit och hårt angripits för.,flip_neighbours
Invandrarna från de nordiska länderna utgör ungefär 2/3 av alla invandrare i Sverige.,Invandrarna de nordiska länderna utgör ungefär 2/3 av alla invandrare i Sverige.,delete
När någon i utlandet skriver till Sverige bör han skriva ' S - ' framför det svenska postnumret.,Någon när i utlandet skriver till Sverige bör han skriva ' S - ' framför det svenska postnumret.,flip_neighbours
Samma sluttning vid planteringen (överst) och tio år senare (nederst).,Samma sluttning vid planteringen (överst) och år tio senare (nederst).,flip_neighbours
KPI är konstruerad som en kedjeindex med årslänkar vilket innebär att man kan jämföra prisutvecklingen år från år.,KPI är konstruerad som en kedjeindex med årslänkar vilket innebär att man kan jämföra prisutvecklingen år år.,delete
"Det har länder som Sovjet, Japan, Kina och Kuba visat.","Det har som Sovjet, Japan, Kina och Kuba visat.",delete
Hemmafruarna kommer att finnas kvar - och försvaras av de privilegierade hemmafruarna - så länge kapitalismen består.,Hemmafruarna kommer att finnas kvar - försvaras av de privilegierade hemmafruarna - så länge kapitalismen består.,delete
"Som om det inte där, liksom överallt annars, rör sig om klasskillnader.","Som om det inte där, liksom överallt annars, rör om klasskillnader.",delete
"Denna inkomstökning tror man kommer att läggas på bilar, tjänster och elektronik.","Denna inkomstökning man tror kommer att läggas på bilar, tjänster och elektronik.",flip_neighbours
Hur har de här olika funktionerna inom familjen ändrats.,Hur har de här olika inom familjen ändrats.,delete
För sångfåglar brukar däremot reviret bestå av ett mindre område med ett busksnår eller några träd.,För sångfåglar däremot reviret bestå av ett mindre område med ett busksnår eller några träd.,delete
Och inom ramen för det stora skattelotteriet deltar du också i ett särskilt ' födelsedagslotteri '.,Och inom ramen för det stora skattelotteriet deltar också du i ett särskilt ' födelsedagslotteri '.,flip_neighbours
På högstadiet skall varje elev välja ett av fyra tillvalsämnen: * språk (franska eller tyska) * ekonomi * teknik * konst,På skall högstadiet varje elev välja ett av fyra tillvalsämnen: * språk (franska eller tyska) * ekonomi * teknik * konst,flip_neighbours
Vissa människor drabbas av periodiskt återkommande anfall av onormal upprymdhet respektive nedstämdhet.,Vissa människor drabbas periodiskt återkommande anfall av onormal upprymdhet respektive nedstämdhet.,delete
"Exempel på vilken typ av frågor man undersökt och de resultat som kommit fram, ges av den amerikanske sociologen A. I. Rabin, som i flera omgångar studerat kibbutz- och moshavbarn ur olika aspekter.","Exempel på vilken typ av frågor undersökt och de resultat som kommit fram, ges av den amerikanske sociologen A. I. Rabin, som i flera omgångar studerat kibbutz- och moshavbarn ur olika aspekter.",delete
En sammanfattning av polisstatistiken finns i Statistisk Årsbok.,En sammanfattning polisstatistiken finns i Statistisk Årsbok.,delete
"Om man förutsätter att fäder skall ta hand om barnen i samma utsträckning som mödrar, kommer det också att bli lättare för pojkar att välja vårdyrken såsom barnsköterskor och förskollärare.","Om man förutsätter att fäder skall ta hand om barnen i samma utsträckning som mödrar, kommer det också att lättare för pojkar att välja vårdyrken såsom barnsköterskor och förskollärare.",delete
Men bilindustrins främsta intresse är att få bilarna sålda.,Men bilindustrins främsta intresse att få bilarna sålda.,delete
"Markpersonalen vid flygvapnet, artillerister och pansarvärnssoldater är värst utsatta.","Markpersonalen vid flygvapnet, och pansarvärnssoldater är värst utsatta.",delete
"Vi kan arbeta för en sänkning av förväntningarna på mannen i fråga om social och ekonomisk framgång och för en höjning av förväntningarna i fråga om delaktighet i hemarbete och barnuppfostran, i skapandet av hemmiljö och vardagstrivsel.","Vi kan arbeta för en sänkning av förväntningarna på mannen i fråga om social och ekonomisk framgång och för höjning en av förväntningarna i fråga om delaktighet i hemarbete och barnuppfostran, i skapandet av hemmiljö och vardagstrivsel.",flip_neighbours
Det har också visat sig att ett- och tvåöringarna för det mesta bara går i ena riktningen.,Det har också visat sig att ett- tvåöringarna och för det mesta bara går i ena riktningen.,flip_neighbours
De som frivilligt genomgår denna akt inför myndighet med vigselakt etablerar sig därmed i samhället som äkta makar.,De som frivilligt genomgår denna akt inför myndighet med vigselakt etablerar sig därmed i samhället äkta som makar.,flip_neighbours
"Det industriella genombrottet gav tillsammans med vetenskapliga och tekniska framsteg förutsättningar för en ökad befolkningstäthet, främst i den västliga världen.","Det industriella gav tillsammans med vetenskapliga och tekniska framsteg förutsättningar för en ökad befolkningstäthet, främst i den västliga världen.",delete
Man säger att även om föräldraansvaret bör vara grunden i barnens uppfostran så måste det i ett välfärdssamhälle vara ett gemensamt ansvar för att barnfamiljerna har en ekonomisk standard som inte alltför mycket skiljer sig från medelsituationen i samhället.,Man säger även om föräldraansvaret bör vara grunden i barnens uppfostran så måste det i ett välfärdssamhälle vara ett gemensamt ansvar för att barnfamiljerna har en ekonomisk standard som inte alltför mycket skiljer sig från medelsituationen i samhället.,delete
Om vi helt kastar om rollerna får vi i stället ett renodlat matriarkat - något sådant har sannolikt aldrig förekommit i verkligheten.,Om vi helt kastar rollerna får vi i stället ett renodlat matriarkat - något sådant har sannolikt aldrig förekommit i verkligheten.,delete
"Jag förmodar att du var förutseende nog i våras att du markerade hur dubbdäcken satt; höger fram, höger bak o s v.","Jag förmodar att du var förutseende nog i våras du markerade hur dubbdäcken satt; höger fram, höger bak o s v.",delete
"Full ålderspension från ATP får man, enligt huvudregeln, om man haft pensionsgrundande inkomst i 30 år.","Full ålderspension ATP från får man, enligt huvudregeln, om man haft pensionsgrundande inkomst i 30 år.",flip_neighbours
"Har du förslag på förbättringar i din trafikmiljö som skulle göra den enklare, överskådligare och därmed säkrare?","Har du på förbättringar i din trafikmiljö som skulle göra den enklare, överskådligare och därmed säkrare?",delete
"Det kanske också bör påpekas att vi fick vårt första kvinnliga statsråd först 1947 och att det allt fortfarande bara finns en, säger en kvinna i regeringen.","Det kanske också bör påpekas att vi fick vårt första kvinnliga statsråd först och 1947 att det allt fortfarande bara finns en, säger en kvinna i regeringen.",flip_neighbours
"Vilka egenskaper hos bilen värderar du mest - snabb acceleration, bekväm inredning, hög säkerhet, liten bränsleförbrukning eller lågt pris?","Vilka egenskaper hos bilen du mest - snabb acceleration, bekväm inredning, hög säkerhet, liten bränsleförbrukning eller lågt pris?",delete
Och deras situation är allaredan besvärlig.,Och deras situation allaredan besvärlig.,delete
En patient kommer in med symtom på hjärtsjukdom.,En patient kommer in med symtom på.,delete
De flesta vallokaler är därför öppna kl 08.00 - 21.00.,De flesta vallokaler är därför öppna 08.00 - 21.00.,delete
Vårt ideal i dag är ett samspel mellan jämlikar.,Vårt ideal i dag är ett mellan samspel jämlikar.,flip_neighbours
"Har de någon funktion eller är de enbart folktomma, utsparade kvarter, numera eventuellt parkeringsplatser?","Har de någon funktion eller är de enbart folktomma, utsparade, numera eventuellt parkeringsplatser?",delete
"Antalet sysselsatta i Stockholms innerstad, den stora blå stapeln mitt i kartan, skall enligt förslaget hållas oförändrat vid omkring 290000 under 15-årsperioden.","Antalet sysselsatta i Stockholms innerstad, den stora blå stapeln mitt i kartan, skall enligt förslaget hållas oförändrat vid omkring 290000 15-årsperioden under.",flip_neighbours
Alla små barn tycker om att suga och de behöver också göra det för att känna sig nöjda och tillfredsställda.,Alla små tycker barn om att suga och de behöver också göra det för att känna sig nöjda och tillfredsställda.,flip_neighbours
Varken arbete eller ekonomi är på sådant sätt som förr förenande band i nutida äktenskap.,Varken arbete eller är ekonomi på sådant sätt som förr förenande band i nutida äktenskap.,flip_neighbours
"Bostadsfrågan löses redan nu med att man bygger skjul, öppna utåt gatan.","Bostadsfrågan löses redan nu med att man skjul bygger, öppna utåt gatan.",flip_neighbours
Socialt beteende kan utgöra en barriär för korsning med andra arter.,Socialt beteende kan utgöra en för korsning med andra arter.,delete
Och i ett nötskal har man därmed plockat fram den sociala trygghet eller rättare sagt den brist på social trygghet som tillkommer de kvinnor som väljer (tvingas in i) hemmafrutillvaron.,Och i nötskal ett har man därmed plockat fram den sociala trygghet eller rättare sagt den brist på social trygghet som tillkommer de kvinnor som väljer (tvingas in i) hemmafrutillvaron.,flip_neighbours
"I Mellanamerika användes de långt före Columbus' dagar av indianerna, särskilt i samband med religiösa ceremonier.","I Mellanamerika användes de långt före Columbus' dagar av indianerna, särskilt samband i med religiösa ceremonier.",flip_neighbours
En tidig sexualdebatt och många sexualpartners kan i en del fall tyda på neurotiska störningar.,En tidig och många sexualpartners kan i en del fall tyda på neurotiska störningar.,delete
"Det låter numera nästan förolämpande när man utgår från att min fru ensam sköter barnen: som om jag vore försumlig, inte tyckte om mina barn, inte vore kompetent eller något dylikt oförskämt.","Det låter numera nästan förolämpande när man utgår från att min fru ensam barnen sköter: som om jag vore försumlig, inte tyckte om mina barn, inte vore kompetent eller något dylikt oförskämt.",flip_neighbours
"Om du behöver det tidigare, eller inte fått det före den 1 september, kan du beställa det hos Lokala skattemyndigheten för det område där du är mantalskriven för år 1970.","Om du behöver det tidigare, eller inte fått det före den 1 september, kan du beställa det hos Lokala skattemyndigheten för det område där du är för mantalskriven år 1970.",flip_neighbours
Ett väl ihopläkt nyckelben och ett strålben som läkt i en ful vinkel visar att hon varit skadad på såväl höger som vänster sida.,Ett väl nyckelben ihopläkt och ett strålben som läkt i en ful vinkel visar att hon varit skadad på såväl höger som vänster sida.,flip_neighbours
Både ifråga om intelligens och skolkunskaper hade pojkgruppen och flickgruppen lika stora förutsättningar att gå vidare till fortsatta studier.,Både ifråga om intelligens och skolkunskaper hade pojkgruppen och flickgruppen lika stora förutsättningar att vidare gå till fortsatta studier.,flip_neighbours
I en del fall - hur många vet man inte - av senil sinnessvaghet har forskarna funnit att det beror på för mycket hjärnvätska som hjärnans vävnader inte kan tillgodogöra sig.,I en del fall - hur många vet man inte - av senil sinnessvaghet har funnit forskarna att det beror på för mycket hjärnvätska som hjärnans vävnader inte kan tillgodogöra sig.,flip_neighbours
När det gäller kvinnorna brukar man utnyttja en fiktiv motsättning mellan hemmafruar / yrkeskvinnor.,När det gäller kvinnorna brukar man utnyttja en fiktiv motsättning mellan hemmafruar /.,delete
Man måste köra på cykelbana om sådan finns.,Man måste köra på cykelbana sådan om finns.,flip_neighbours
En sådan varningslinje anger att sikten kan vara begränsad i den ena eller båda färdriktningarna.,En sådan varningslinje att sikten kan vara begränsad i den ena eller båda färdriktningarna.,delete
Enda möjligheten att motverka bostadsbristen är att bygga ännu mera.,Enda möjligheten motverka bostadsbristen är att bygga ännu mera.,delete
"På flera håll i världen har man på senare tid kunnat konstatera ett tydligt överfiske av olika fiskslag, och FAO (Food and Agriculture Organization of the United Nations) räknar med att man på sin höjd skulle kunna fördubbla världens fiskfångst.","På flera håll i världen har man på senare tid konstatera kunnat ett tydligt överfiske av olika fiskslag, och FAO (Food and Agriculture Organization of the United Nations) räknar med att man på sin höjd skulle kunna fördubbla världens fiskfångst.",flip_neighbours
"Några länder har andra regler än vi för placeringen av postnumret, t ex USA och Storbritannien.","Några länder har andra regler än vi för av postnumret, t ex USA och Storbritannien.",delete
Olika block inom kommissionen jobbar med frågor som t.ex. berör utlandsförbindelser handelspolitik kol-ochstålunionen Euroatom jordbruksfrågor industripolitik ekonomisk-monetär politik,Olika block inom kommissionen jobbar med frågor t.ex. berör utlandsförbindelser handelspolitik kol-ochstålunionen Euroatom jordbruksfrågor industripolitik ekonomisk-monetär politik,delete
"Detta förutan begår de flesta kvinnor, mer eller mindre medvetet, ett slags naturligt förräderi mot sin egen sak.","Detta förutan begår de flesta kvinnor, mer eller mindre medvetet, slags ett naturligt förräderi mot sin egen sak.",flip_neighbours
De kan alltså inte få full ATP.,Kan de alltså inte få full ATP.,flip_neighbours
Kibbutzbarnen visade i denna undersökning en något högre nivå både i intellektuell utveckling och i emotionell mognad.,Kibbutzbarnen visade i denna undersökning en något nivå högre både i intellektuell utveckling och i emotionell mognad.,flip_neighbours
Särskilda regler gäller för * skattskyldig som varit bosatt här i riket under en mindre del av beskattningsåret * skattskyldig som haft inkomst som beskattas enligt förordningen om sjömansskatt.,Särskilda regler gäller för * skattskyldig som varit bosatt här i riket en mindre del av beskattningsåret * skattskyldig som haft inkomst som beskattas enligt förordningen om sjömansskatt.,delete
Den kinesiska kulturen kan spåras tillbaka till 3000 f Kr.,Den kinesiska kulturen spåras kan tillbaka till 3000 f Kr.,flip_neighbours
En av de främsta orsakerna till den dolda arbetslösheten och behovet av socialhjälp hos kvinnor i dagens Sverige är just bristen på god barntillsyn.,En av de främsta orsakerna till den dolda arbetslösheten och behovet av socialhjälp hos kvinnor i dagens Sverige är just bristen på barntillsyn god.,flip_neighbours
Givetvis kan sedan var och en efter egen vilja komplettera registreringen med vigsel.,Givetvis kan sedan var en efter egen vilja komplettera registreringen med vigsel.,delete
"Ja, men den dag han inte vill längre eller hans avlöning av någon anledning försvinner, då får Du ingen avlöning längre men jobbet har Du kvar.","Ja, men den dag han inte vill längre eller hans avlöning av någon anledning försvinner, då får Du ingen avlöning längre men har jobbet Du kvar.",flip_neighbours
"Stora grönområden med golfbanor, tennishallar, lekplatser och simbassänger sträcker sig som oaser genom städerna och håller isär bebyggelseområdena.","Stora grönområden med golfbanor,, lekplatser och simbassänger sträcker sig som oaser genom städerna och håller isär bebyggelseområdena.",delete
"Redan denna praxis visar ju, att man uppfattar äktenskapet som en ordning i samhället.","Redan denna praxis ju visar, att man uppfattar äktenskapet som en ordning i samhället.",flip_neighbours
"Prisstegringen beräknas då som 228: 218 = 1,05 vilket innebär en uppgång med 5/100 det vill säga med 5 procent.","Prisstegringen beräknas då som 228: 218 = 1,05 vilket innebär en med 5/100 det vill säga med 5 procent.",delete
"Största hyreshöjningen (femdubbling) drabbade city, där den kända utställningslokalen ' Den permanente ' fick hyran höjd från 470000 till 1,2 milj kr om året.","Största hyreshöjningen (femdubbling) drabbade city, där den kända utställningslokalen ' Den permanente ' fick höjd från 470000 till 1,2 milj kr om året.",delete
"När marknadsmekanismen sätts ur spel, måste bostäderna fördelas efter andra grunder.","Marknadsmekanismen när sätts ur spel, måste bostäderna fördelas efter andra grunder.",flip_neighbours
Vad menas med ett u-land?,Vad menas ett med u-land?,flip_neighbours
Uppgift om vilka orter som har utkörning finner Ni också i ' Förteckning över postanstalter i Sverige '.,Uppgift vilka om orter som har utkörning finner Ni också i ' Förteckning över postanstalter i Sverige '.,flip_neighbours
Invandrarna är på samma sätt som svenskarna anslutna till den fackliga organisationen.,Invandrarna är på samma sätt som svenskarna anslutna till den organisationen fackliga.,flip_neighbours
"Samma sak gäller också till stor del de nya stora fiskena i Syd- och Sydvästafrika, vilka är baserade på den rika produktionen i Benguelaströmmen.","Sak samma gäller också till stor del de nya stora fiskena i Syd- och Sydvästafrika, vilka är baserade på den rika produktionen i Benguelaströmmen.",flip_neighbours
"I Socialkatalogen finns vidare upplysningar om bl.a. barn- och ungdomsfrågor, bostadsfrågor, försäkringsskydd, arv och andra familjerättsliga frågor.","I Socialkatalogen finns vidare upplysningar om bl.a. barn- och ungdomsfrågor, bostadsfrågor, försäkringsskydd, arv och andra familjerättsliga.",delete
Varför dominerar kvinnorna de första åren i barnens liv?,Dominerar varför kvinnorna de första åren i barnens liv?,flip_neighbours
Man gav statliga topplån till bostadsbyggandet.,Man statliga gav topplån till bostadsbyggandet.,flip_neighbours
Socialt beteende och språk hos bin förvärvas inte som hos oss med viss möda under hela livet utan nedärvs fixt och färdigt.,Beteende socialt och språk hos bin förvärvas inte som hos oss med viss möda under hela livet utan nedärvs fixt och färdigt.,flip_neighbours
"Diska är ju inte lika roligt, det förstår frun så väl.","Diska ju är inte lika roligt, det förstår frun så väl.",flip_neighbours
Det har alltid ansetts rätt och fint och på alla sätt acceptabelt att en kvinna stannar hemma för att ' sköta sitt hem och sin familj ' även om ' familjen ' bara består av en make.,Det har alltid ansetts rätt och fint och på alla sätt acceptabelt att en kvinna stannar hemma för att ' sköta sitt hem och sin familj ' även ' familjen ' bara består av en make.,delete
Ett statligt lekråd kommer att inrättas under 1971.,Ett statligt lekråd att inrättas under 1971.,delete
Sedan 1950 har man renframställt ett fyrtiotal olika ämnen från rötterna av denna växt.,Sedan 1950 har man renframställt ett olika fyrtiotal ämnen från rötterna av denna växt.,flip_neighbours
"På radialvinterdäck får bilen en stadigare gång, under förutsättning att man inte låtit överdubba.","På radialvinterdäck får bilen en stadigare gång, under förutsättning att inte man låtit överdubba.",flip_neighbours
Möjligheten att få del av denna njutning har i vår tid ökats genom preventivmedelsteknik.,Möjligheten få del av denna njutning har i vår tid ökats genom preventivmedelsteknik.,delete
"Bakom den nya mattens intåg i skolorna står bland andra toppmatematikpedagoger, Z P Dienes, verksam i England, och belgaren Georges Papy.","Den bakom nya mattens intåg i skolorna står bland andra toppmatematikpedagoger, Z P Dienes, verksam i England, och belgaren Georges Papy.",flip_neighbours
Men det är endast slutsumman på kassakvittot som ska avrundas.,Men är endast slutsumman på kassakvittot som ska avrundas.,delete
Det är också en viktig samhällsinsats.,Det är också en samhällsinsats viktig.,flip_neighbours
"Att skilsmässor är vanliga visar, att enheten mellan dem som ingått äktenskap är svår att bevara.","Att skilsmässor är vanliga visar, enheten att mellan dem som ingått äktenskap är svår att bevara.",flip_neighbours
"Till öppenheten hör rådgivningen i alla samlevnadsfrågor, sociala, psykologiska och rent sexuella.","Till öppenheten hör rådgivningen i alla samlevnadsfrågor, sociala, psykologiska rent sexuella.",delete
I industriländer bor fyra av fem i städer år 2000 enligt FN:s (osäkra) beräkningar.,I industriländer bor fyra av fem i städer år 2000 enligt FN:s (osäkra).,delete
"Före parbildningen lever gråtruten i flockar, vilkas beteende ofta påverkas av reaktionen hos ett eller ett par enstaka djur.","Före parbildningen lever gråtruten i flockar, vilkas beteende ofta påverkas av reaktionen hos ett eller ett enstaka par djur.",flip_neighbours
De flesta människor torde förlova och gifta sig utan närmare tanke på att deras förhållande blir rättsligt reglerat.,De flesta människor torde och gifta sig utan närmare tanke på att deras förhållande blir rättsligt reglerat.,delete
I importavgifter tar man in 4 miljarder kr och i tullmedel 7 miljarder kr - totalt gör detta 11 miljarder.,I importavgifter tar man in 4 miljarder kr och i 7 tullmedel miljarder kr - totalt gör detta 11 miljarder.,flip_neighbours
Nedslående är att de i övrigt aktiva löntagarorganisationerna ännu inte funnit detta faktum värt självständiga och målmedvetna aktioner.,Nedslående är att de i övrigt aktiva löntagarorganisationerna ännu funnit detta faktum värt självständiga och målmedvetna aktioner.,delete
"1700- och 1800-talens industrialisering i England, Frankrike, Tyskland, Holland o s v förutsatte en ordnad försörjning med råvaror för industrin (bomull, jute, hampa, metaller, gummi).","1700- och 1800-talens industrialisering i England,, Tyskland, Holland o s v förutsatte en ordnad försörjning med råvaror för industrin (bomull, jute, hampa, metaller, gummi).",delete
"Men med könsroll avser man inte bara de delar av spelet mellan man och kvinna som är direkt beroende av kroppsliga olikheter utan också de skilda roller män och kvinnor spelar i mänsklig samlevnad över huvud, i familj och i samhälle.","Men med könsroll avser man inte bara de delar av spelet mellan man och kvinna som är direkt beroende av kroppsliga olikheter utan också de skilda roller män och kvinnor spelar i mänsklig samlevnad över huvud, i och familj i samhälle.",flip_neighbours
I många familjer är det självklart att om familjen behöver extra inkomster så skall fadern arbeta på övertid hellre än att modern skall förvärvsarbeta.,Många I familjer är det självklart att om familjen behöver extra inkomster så skall fadern arbeta på övertid hellre än att modern skall förvärvsarbeta.,flip_neighbours
Idag försöker man i regel ge det här argumentet en positiv formulering: det är bara inom äktenskapets ram som det sexuella samlivet blir fullödigt.,Idag försöker man i regel ge det här argumentet en positiv formulering: det är bara inom äktenskapets ram det som sexuella samlivet blir fullödigt.,flip_neighbours
Årsmedeltalet har stigit från 110000 vid de fyra mätningarna 1962 till 170000 vid motsvarande tidpunkt 1969.,Årsmedeltalet har stigit från 110000 vid de fyra 1962 till 170000 vid motsvarande tidpunkt 1969.,delete
"Den monogama familjeformen medför dock många problem, som gör att dess värde ifrågasätts.","Den monogama familjeformen medför dock många problem, som gör att dess värde.",delete
Samtidigt finns det två motstridiga viljor inom EEC om Sveriges samarbete med Gemenskapen:,Samtidigt finns det två motstridiga inom EEC om Sveriges samarbete med Gemenskapen:,delete
Skolstyrelsen i varje kommun bestämmer efter samråd med lärare och elever vilka aktiviteter som skall erbjudas eleverna.,Skolstyrelsen i varje kommun bestämmer efter samråd med lärare och elever aktiviteter vilka som skall erbjudas eleverna.,flip_neighbours
Det är ännu inte ett halvsekel sedan riksdagen fattade beslut om allmän och lika rösträtt för såväl kvinnor som män.,Det är ännu inte ett halvsekel sedan riksdagen beslut fattade om allmän och lika rösträtt för såväl kvinnor som män.,flip_neighbours
"Den är numera en ganska opraktisk nödvändighet, bottnande i vår trygghets avhängighet av vanor och konventioner, i våra föreställningar om familjen som garant för omtanken om barnen, för värme och samhörighet, ja t o m ' goda seder ' och hög (sexual-) moral.","Den är numera en ganska opraktisk nödvändighet, bottnande i vår trygghets avhängighet av vanor och konventioner, i våra föreställningar om familjen som för garant omtanken om barnen, för värme och samhörighet, ja t o m ' goda seder ' och hög (sexual-) moral.",flip_neighbours
"Inte ens till någon eller några procent intar kvinnan ledande, bestämmande funktioner i våra större bolag, statliga eller kommunala ämbetsverk och förvaltningar.","Inte ens till någon eller några procent kvinnan ledande, bestämmande funktioner i våra större bolag, statliga eller kommunala ämbetsverk och förvaltningar.",delete
Konsumentprisindex skall visa prisförändringar på jämförbara varor vid oförändrad kvalitet.,Konsumentprisindex skall prisförändringar på jämförbara varor vid oförändrad kvalitet.,delete
Den svenska industrin vill komma under EEC:s tullmur.,Den svenska industrin vill komma EEC:s tullmur.,delete
Det är ännu inte bestämt hos vilken av de vidtalade ca 600 markägarna i Skånetriangeln man skall börja.,Det är ännu inte bestämt hos vilken av de ca vidtalade 600 markägarna i Skånetriangeln man skall börja.,flip_neighbours
Det är framför allt neurologerna som tagit fasta på detta.,Är det framför allt neurologerna som tagit fasta på detta.,flip_neighbours
En nyhet är att det räcker med bara partibeteckning.,En nyhet är att det med bara partibeteckning.,delete
Från den tiden behöver barnet mer av lek och sällskap.,Från den behöver tiden barnet mer av lek och sällskap.,flip_neighbours
Det är därför regionplaneförslaget visar hur man skall bereda plats för 25000 nya lägenheter per år.,Det är därför regionplaneförslaget visar hur man bereda skall plats för 25000 nya lägenheter per år.,flip_neighbours
"Har tyckt mig vara ambitiös, glad och harmonisk, aldrig haft städhjälp eller motsvarande, fixat det mesta, så att min man fått tillfälle till rekreation under lunchrast och kvällstimmar för nästa dags arbete i den egna firman, tillräckligt krävande för honom.","Har tyckt mig vara ambitiös, glad och harmonisk, aldrig haft städhjälp eller motsvarande, fixat det mesta, så att man fått tillfälle till rekreation under lunchrast och kvällstimmar för nästa dags arbete i den egna firman, tillräckligt krävande för honom.",delete
"När KF:s leksaksinköpare far till England, Tyskland, Japan och Hongkong för att köpa leksaker arbetar de efter lekcirkelns principer.","När KF:s leksaksinköpare far till England, Tyskland, Japan och Hongkong för att köpa leksaker arbetar efter de lekcirkelns principer.",flip_neighbours
Trots detta överförs en stor del av jordens gröda genom husdjur till animaliska födoämnen.,Trots detta överförs en stor del av jordens gröda genom husdjur animaliska födoämnen.,delete
Utifrån vad som tidigare sagts är det rätt klart hur kristen etik då måste ställa sig till föräktenskapligt samliv.,Utifrån vad som tidigare sagts är det rätt klart hur kristen etik då ställa sig till föräktenskapligt samliv.,delete
Kraven har vuxit vidare och medfört att man vill ha garantier för trygghet för en viss minimistandard för alla medborgare.,Kraven har vuxit vidare och medfört att man vill garantier ha för trygghet för en viss minimistandard för alla medborgare.,flip_neighbours
Servicehuset - ska vi sträva efter det som normal boendeform?,Servicehuset - ska vi sträva efter det normal som boendeform?,flip_neighbours
Vid påfart måste du lämna företräde åt trafiken som är inne på motorvägen eller motortrafikleden.,Vid påfart måste du lämna företräde åt trafiken som är inne på motorvägen motortrafikleden.,delete
"Även där är det dock de båda makarna som har huvudrollen, inte prästen.","Även där är det dock de båda makarna som har huvudrollen, prästen.",delete
Deras val av äktenskapspartner blev kanske slumpmässigt.,Deras val av äktenskapspartner blev slumpmässigt kanske.,flip_neighbours
WHO:s uppgift är att förebygga sjukdomar.,Uppgift who:s är att förebygga sjukdomar.,flip_neighbours
I de mindre parkerna kom det franska idealet att få störst betydelse.,I de mindre parkerna kom det franska att få störst betydelse.,delete
Han visste att skyddskåpor fanns i förråd på en flygflottilj i Småland.,Han visste att skyddskåpor fanns i förråd på en i flygflottilj Småland.,flip_neighbours
Deras andel av ' världsinkomsten ' är ungefär 30 procent.,Deras av andel ' världsinkomsten ' är ungefär 30 procent.,flip_neighbours
Även andra resultat talar emellertid för två viktiga slutsatser.,Även andra resultat talar emellertid två viktiga slutsatser.,delete
Den personlighetspsykologiska delen av avhandlingen går mera på djupet.,Den personlighetspsykologiska delen avhandlingen går mera på djupet.,delete
"Vi får äta alger i stället för kött, leva i grottor och tunnlar kring nordpolen, en värld där man inte kan plocka ett äpple från ett träd utan risk för förgiftning, en värld utan ensamhet och lugn, utan gröna fält och blå himmel... en värld där människorna lever som broilers.","Vi får äta alger i stället för kött, leva i grottor och tunnlar kring nordpolen, en värld där man inte kan ett äpple från ett träd utan risk för förgiftning, en värld utan ensamhet och lugn, utan gröna fält och blå himmel... en värld där människorna lever som broilers.",delete
Den frågan har blivit aktuell i vår tid.,Den frågan har aktuell i vår tid.,delete
Forna tiders uppfattning om mentalsjukdomars mystiska och skrämmande natur är helt förlegad.,Forna tiders uppfattning om mentalsjukdomars mystiska skrämmande natur är helt förlegad.,delete
"Man fann att det inte var skilsmässan i och för sig som skadade barnen, utan att det berodde på att barnen inte fick någon modersersättare.","Man fann att det inte skilsmässan var i och för sig som skadade barnen, utan att det berodde på att barnen inte fick någon modersersättare.",flip_neighbours
"Sålunda satsade Förenta staterna under femårsperioden 1955-1960 sammanlagt 81 miljarder svenska kronor, varvid de största beloppen gick till Sydvietnam, Sydkorea och Indien.","Sålunda satsade Förenta staterna under femårsperioden 1955-1960 sammanlagt 81 miljarder svenska kronor, varvid de största gick till Sydvietnam, Sydkorea och Indien.",delete
"Bara för att ta ett exempel på de ökade kraven behövs det 30000 nya lärare per år, frånsett att man redan nu har otillräckligt med lärare.","Bara för att ta ett exempel på de ökade kraven behövs 30000 det nya lärare per år, frånsett att man redan nu har otillräckligt med lärare.",flip_neighbours
"Att rätta mun efter matsäcken - en provisorisk lösning, kanske en skenlösning?","Att rätta mun efter matsäcken - en provisorisk lösning, kanske en?",delete
"Dessa orter, där sålunda postnumret bestäms av den lokala utdelningsadressen, är följande: Borås, Danderyd, Djursholm, Eskilstuna, Gävle, Göteborg - med Angered, Hisings Backa och Västra Frölunda - Halmstad, Handen, Huddinge, Hälsingborg, Jönköping, Karlstad, Landskrona, Lidingö, Lund, Malmö, Mölndal, Norrköping, Norsborg, Sollentuna, Solna, Stockholm - med Bandhagen, Bromma, Enskede, Farsta, Hägersten, Johanneshov, Skärholmen, Spånga, Vällingby och Älvsjö - Stocksund, Sundbyberg, Sundsvall, Södertälje, Täby, Umeå, Uppsala, Västerås, Växjö och Örebro.","Dessa orter, där sålunda postnumret bestäms av den lokala utdelningsadressen, är följande: Borås, Danderyd, Djursholm, Eskilstuna, Gävle, Göteborg - med Angered, Hisings Backa och Västra Frölunda - Halmstad, Handen, Huddinge, Hälsingborg, Jönköping, Karlstad, Landskrona, Lidingö, Lund, Malmö, Mölndal, Norrköping, Norsborg, Sollentuna, Solna, Stockholm - med Bandhagen, Bromma, Enskede, Farsta, Hägersten, Johanneshov, Skärholmen, Spånga, Vällingby och Älvsjö - Stocksund, Sundbyberg, Sundsvall, Södertälje, Täby, Umeå, Uppsala, Västerås, Växjö Örebro och.",flip_neighbours
"Dr Horn är chef för National Clearinghouse for Smoking and Health, det amerikanska hälsoministeriets specialorgan för tobaksfrågor.","Dr är Horn chef för National Clearinghouse for Smoking and Health, det amerikanska hälsoministeriets specialorgan för tobaksfrågor.",flip_neighbours
"Tre möjligheter tycks föreligga: 1) avhållsamhet fram till äktenskapet, 2) sexuellt samliv före äktenskapet, 3) äktenskap redan under utbildningstiden.","Tre möjligheter tycks föreligga: 1) avhållsamhet fram äktenskapet till, 2) sexuellt samliv före äktenskapet, 3) äktenskap redan under utbildningstiden.",flip_neighbours
Dra färre halsbloss på varje cigarrett.,Dra färre halsbloss varje cigarrett.,delete
Burgess har betecknats som optimist: han målar en för ljus bild av verklighetens familjer.,Burgess har betecknats som optimist: han målar en för ljus bild verklighetens av familjer.,flip_neighbours
Arbetsförmedlingen hjälper till ta fram upplysningar om lediga platser.,Arbetsförmedlingen hjälper till ta fram upplysningar lediga platser.,delete
"Nedan lämnas uppgifter om samhällets stöd, vård och service för barn och ungdom.","Lämnas nedan uppgifter om samhällets stöd, vård och service för barn och ungdom.",flip_neighbours
Hela beloppet - eller del därav - får tas ut när som helst.,Hela beloppet - eller därav del - får tas ut när som helst.,flip_neighbours
Den ska torka innan den läggs undan.,Den ska innan den läggs undan.,delete
Om det så ska kosta oss ytterligare 50000 fall av blodkräfta per år.,Om det så ska kosta ytterligare 50000 fall av blodkräfta per år.,delete
"De kommer senare att följas av borrningar ute i Östersjön, söder om Skåne.","De kommer senare att följas av ute i Östersjön, söder om Skåne.",delete
Den första är typisk för det agrara samhället: man och kvinna hade en självklar och relativt trygg hem- och arbetsgemenskap.,Den första är typisk för det agrara samhället: och kvinna hade en självklar och relativt trygg hem- och arbetsgemenskap.,delete
Det är skrämmande fakta som Expressen kan redovisa i dag.,Det är skrämmande fakta som Expressen kan i redovisa dag.,flip_neighbours
Här blir det som vanligt fråga om avprickning på länsstyrelsen av varje poströstande.,Här blir det som vanligt fråga om på länsstyrelsen av varje poströstande.,delete
"Räknar man däremot bara med de viktigaste konventionella energikällorna, blir verkningsgraden väsentligt högre men överstiger dock inte 50 %.","Räknar man däremot bara med de viktigaste konventionella energikällorna, blir verkningsgraden högre väsentligt men överstiger dock inte 50 %.",flip_neighbours
Att män utbildar sig till ' sjuksköterskor ' är fortfarande ganska ovanligt.,Att män utbildar sig till ' ' är fortfarande ganska ovanligt.,delete
Forsmark är i dag ett minnesmärke från brukets blomstringstid och kommer säkert att så förbli.,Forsmark är i ett minnesmärke från brukets blomstringstid och kommer säkert att så förbli.,delete
"Fynden betecknas som sensationella, och professor Nils-Gustav Gejvall, som gjorde den preliminära undersökningen, jublar.","Fynden betecknas som sensationella, och professor Nils-Gustav Gejvall, som gjorde den preliminära, jublar.",delete
Vanlig befordran - när sändningen inte är mycket brådskande och varan inte tar skada av några dagars transport.,Vanlig befordran - när sändningen inte är mycket brådskande och varan inte tar av skada några dagars transport.,flip_neighbours
Vissa bakterier kan också utnyttjas för framställning av essentiella aminosyror.,Vissa bakterier också utnyttjas för framställning av essentiella aminosyror.,delete
"Folk har svårt att välja fritt, om man med valfrihet menar något mer än att välja att falla in i de traditionella rollerna.","Folk har svårt att välja fritt, om man med menar valfrihet något mer än att välja att falla in i de traditionella rollerna.",flip_neighbours
Paket med vanlig befordran transporteras med postlägenheter som är avsedda för den tyngre och utrymmeskrävande posten.,Paket med vanlig befordran transporteras med postlägenheter som är avsedda för den och tyngre utrymmeskrävande posten.,flip_neighbours
"Vi tror att här finns en naturlig bundsförvant hos människorna själva, just därför att ingen annan umgängesform är så personligt genomgripande som den sexuella.","Vi tror att här finns en bundsförvant naturlig hos människorna själva, just därför att ingen annan umgängesform är så personligt genomgripande som den sexuella.",flip_neighbours
Det går knappast att göra en cellplast så mjuk och smidig som luftkudde med inlagd skumplast.,Det går knappast att göra en så mjuk och smidig som luftkudde med inlagd skumplast.,delete
I den aktuella debatten om förvärvsarbetande mödrar tar man alltför ofta till helt osakliga argument för att förfäkta den egna åsikten.,I den aktuella debatten om förvärvsarbetande mödrar tar man alltför till ofta helt osakliga argument för att förfäkta den egna åsikten.,flip_neighbours
Med demokrati menas att medborgarna utser riksdagen i allmänna och fria val.,Med menas att medborgarna utser riksdagen i allmänna och fria val.,delete
Han anför en av regeringen särskilt utsedd innertrio.,Han anför en av särskilt utsedd innertrio.,delete
"Men för att ge ett ökat perspektiv åt hela diskussionen om föräldrar-barn-relationer och speciellt om moderns betydelse för barnen, så är kibbutzernas metoder väl värda att lägga märke till.","Men för att ge ett ökat perspektiv åt hela diskussionen om föräldrar-barn-relationer och speciellt om moderns betydelse för barnen, så är kibbutzernas metoder väl värda lägga att märke till.",flip_neighbours
"När man i den kristna etikens sammanhang talar om äktenskapet, avser man den samlevnadsform mellan man och kvinna, som ingåtts frivilligt och offentligt, och som i princip är avsedd att vara livsvaraktig.","När man i den kristna etikens sammanhang talar om äktenskapet, avser man den samlevnadsform mellan man och kvinna, som frivilligt ingåtts och offentligt, och som i princip är avsedd att vara livsvaraktig.",flip_neighbours
"Med moderna metoder kan man mildra symptomen avsevärt, men man kan inte förebygga nya attacker av sjukdomen.","Med moderna metoder kan man mildra avsevärt, men man kan inte förebygga nya attacker av sjukdomen.",delete
Sammanhållningen i familj och äktenskap beror på ett helt annat sätt på vår förmåga till känslomässig anpassning.,Sammanhållningen i familj och äktenskap beror på ett helt annat på sätt vår förmåga till känslomässig anpassning.,flip_neighbours
"Man ser inte biståndet som en rättighet om man är sjuk, har det bekymmersamt eller är handikappad så att man behöver ekonomiskt stöd, kanske bara för tillfället.","Man ser inte biståndet som en rättighet om man är sjuk, har det bekymmersamt eller är handikappad så att man behöver stöd ekonomiskt, kanske bara för tillfället.",flip_neighbours
Från 1 januari 1970 tillämpas ett nytt och enklare system för ersättning av kostnader vid läkarvård.,Från 1 1970 tillämpas ett nytt och enklare system för ersättning av kostnader vid läkarvård.,delete
Till färgblindas hjälp får de också olika streckmarkeringar.,Till färgblindas hjälp de också olika streckmarkeringar.,delete
Men bara kvinnor kan få denna syssla; manliga barnskötare tycks vara otänkbara även på kibbutzerna.,Men bara kvinnor kan få denna syssla; manliga barnskötare tycks vara otänkbara även kibbutzerna på.,flip_neighbours
Doc. Bergman påpekade att det möjligen finns en lägre intelligens hos hunden.,Doc. Bergman påpekade att det finns möjligen en lägre intelligens hos hunden.,flip_neighbours
Arbetsförmedlingen har fått ny kontorsorganisation från den 1 juli 1971.,Arbetsförmedlingen har fått ny kontorsorganisation från den 1 1971.,delete
"Sämre prestationsförmåga, * aptitrubbningar, * mindre alerthet, * störd nattsömn och * fritid som inte kan utnyttjas riktigt.","Sämre prestationsförmåga, * aptitrubbningar, * mindre alerthet, * störd nattsömn och * som inte kan utnyttjas riktigt.",delete
"Kontakten mellan familjemedlemmarna behöver inte vara kontinuerlig, men den bör vara av bra kvalitet.","Kontakten mellan familjemedlemmarna behöver inte vara kontinuerlig, men den bör vara av kvalitet bra.",flip_neighbours
Getinglarven som utvecklas här uppföds med fjärilslarver som fångas av honan.,Getinglarven som utvecklas här uppföds fjärilslarver med som fångas av honan.,flip_neighbours
"Hur ser en kristen resonemangstyp ut som menar, att äktenskapet är den bästa orten för sexuellt samliv?","Hur ser en kristen resonemangstyp ut som menar, att äktenskapet är den bästa för sexuellt samliv?",delete
"Se Åkerman, kap. Självdeklarerad brottslighet bland skolbarn (K. Elmhorn).","Se Åkerman, kap. Självdeklarerad bland brottslighet skolbarn (K. Elmhorn).",flip_neighbours
Mannens och kvinnans roller i ett vanligt äktenskap ser idag i Sverige helt annorlunda ut än vad det gjorde för bara hundra år sedan.,och kvinnans roller i ett vanligt äktenskap ser idag i Sverige helt annorlunda ut än vad det gjorde för bara hundra år sedan.,delete
"Var finns då elevernas trygghet i dagens skola, där de inte har en egen vrå och sällan kontakt med sin klasslärare?","Var finns elevernas då trygghet i dagens skola, där de inte har en egen vrå och sällan kontakt med sin klasslärare?",flip_neighbours
"Denna Kristi kärlek är nu raka motsatsen till vad som i vår tid gemenligen går under namnet kärlek: man tycker om och ' älskar ' det som är vackert, tilldragande, sexuellt upphetsande, i alla betydelser älskvärt.","Denna Kristi kärlek är nu raka motsatsen till vad som i vår tid gemenligen går under namnet kärlek: man tycker om ' älskar ' det som är vackert, tilldragande, sexuellt upphetsande, i alla betydelser älskvärt.",delete
Det skall inte mina soldater behöva bli utsatta för.,Det skall inte mina soldater behöva utsatta bli för.,flip_neighbours
Att båda föräldrarna från början upplever barnet tillsammans stärker familjens samhörighet.,Båda att föräldrarna från början upplever barnet tillsammans stärker familjens samhörighet.,flip_neighbours
Det rör sig om Guds goda vilja och människors förvända.,Det rör sig om Guds goda vilja människors förvända.,delete
Regeringen slipper genom en bred tullunion det utrikespolitiska samrådet som Danmark och Norge som medlemssökande redan drabbats av.,Regeringen slipper genom en bred tullunion det utrikespolitiska samrådet som Danmark och som Norge medlemssökande redan drabbats av.,flip_neighbours
Bidragsbeloppen minskas med hänsyn till egen och makes inkomst.,Bidragsbeloppen minskas med till egen och makes inkomst.,delete
Är det 80 har du tappat bort 20 procent - och då bör du åka till gummiverkstaden och få kompletteringsdubbat.,Är det 80 har tappat du bort 20 procent - och då bör du åka till gummiverkstaden och få kompletteringsdubbat.,flip_neighbours
För syndens skull tillåter den ortodoxa kyrkan både skilsmässa och omgifte.,För syndens skull tillåter den ortodoxa kyrkan skilsmässa och omgifte.,delete
Ungefär på detta sätt argumenterar man i de familjepolitiska reformer som håller på att genomföras i vårt land.,Ungefär på detta sätt argumenterar man de familjepolitiska reformer som håller på att genomföras i vårt land.,delete
Är det i så fall en tendens som vi bör acceptera eller motverka?,Är det i så fall en tendens som bör vi acceptera eller motverka?,flip_neighbours
"Hyreshöjningar kunde också resultera i kompensationskrav vid löneförhandlingarna, något som lätt kunde få till följd en ovälkommen inflation.","Hyreshöjningar kunde också resultera i kompensationskrav vid löneförhandlingarna, något lätt som kunde få till följd en ovälkommen inflation.",flip_neighbours
Hellre fälla än fria under utredningstiden.,Hellre fälla än under fria utredningstiden.,flip_neighbours
"En börda blir det, i kibbutzernas mening, när kvinnan förutsätts vårda och fostra barnen därför att det är hon som föder dem.","En börda blir det, i kibbutzernas mening, när kvinnan förutsätts vårda och fostra barnen därför att är hon som föder dem.",delete
"Som vi kan se av nedanstående diagram, finns det ett direkt samband mellan ett lands nationalinkomst och dess energikonsumtion.","Som vi kan se av nedanstående diagram, det ett direkt samband mellan ett lands nationalinkomst och dess energikonsumtion.",delete
Han tycker det är en försummelse av arbetsgivarna att inte genom intervjuer av de anställda få en bild av deras inställning till arbetstiderna.,tycker det är en försummelse av arbetsgivarna att inte genom intervjuer av de anställda få en bild av deras inställning till arbetstiderna.,delete
"Hur skall man inom kriminalvården kunna förena straff- och vårdsynpunkterna, dvs. skydda samhället mot brottslighet utan att ställa brottslingarna utanför samhället?","Hur skall man inom kriminalvården kunna förena straff- vårdsynpunkterna och, dvs. skydda samhället mot brottslighet utan att ställa brottslingarna utanför samhället?",flip_neighbours
I vissa tropiska länder uppskattas lagringsförlusterna till 50 % av den bärgade grödan.,I vissa tropiska länder uppskattas lagringsförlusterna till % 50 av den bärgade grödan.,flip_neighbours
Men tro inte du skall koppla av din egen tankeverksamhet!,Men tro inte du skall koppla din av egen tankeverksamhet!,flip_neighbours
"Har barnet napp bör man se till, att den är hel och av en säker modell, som inte kan glida ner i halsen.","Har barnet napp bör man se till, att den är hel och en av säker modell, som inte kan glida ner i halsen.",flip_neighbours
Ett sådant framtidsperspektiv var minst av allt lockande.,Ett framtidsperspektiv sådant var minst av allt lockande.,flip_neighbours
"När Kristus grundar det livslånga äktenskapet på Guds i skapelsen uttalade vilja, är detta uttryck för hans fordran att den sexuella relationen skall präglas av kärlek på samma sätt som andra mänskliga relationer.","När Kristus grundar det livslånga äktenskapet på Guds i skapelsen uttalade vilja, är detta uttryck för fordran hans att den sexuella relationen skall präglas av kärlek på samma sätt som andra mänskliga relationer.",flip_neighbours
I filmen Min lycka skildrar Agnes Varda en man som lever i ett lyckligt äktenskap och samtidigt har ett lyckligt förhållande med en annan kvinna.,I filmen Min lycka Agnes Varda en man som lever i ett lyckligt äktenskap och samtidigt har ett lyckligt förhållande med en annan kvinna.,delete
"Inte så att jorden går under precis, men han menar att vid det laget är människans situation så olidlig på grund av överbefolkning med åtföljande stress, nersjaskad miljö och anhopningar av allsköns djävligheter att det kommer till en social kollaps som innebär en drastisk reduktion av jordens befolkning till så där 2 miljarder.","Inte så att jorden går under precis, men han menar vid att det laget är människans situation så olidlig på grund av överbefolkning med åtföljande stress, nersjaskad miljö och anhopningar av allsköns djävligheter att det kommer till en social kollaps som innebär en drastisk reduktion av jordens befolkning till så där 2 miljarder.",flip_neighbours
Men det finns också lärare som är stimulerade av det nya och menar att det kan bli både roligare och bättre.,Men det finns också lärare som är stimulerade av det nya och att det kan bli både roligare och bättre.,delete
"Om det inte är yttre saker som gemensamt arbete och ekonomi som håller ihop äktenskapen, vad är det då?","Om det inte är yttre saker som gemensamt arbete och ekonomi som ihop äktenskapen, vad är det då?",delete
Antalet anmälda brottsbalksbrott för 1965 och följande år bör endast med stor försiktighet jämföras med tidigare år.,Antalet anmälda brottsbalksbrott för 1965 följande och år bör endast med stor försiktighet jämföras med tidigare år.,flip_neighbours
Man har använt dem på grund av deras verkningar på nervsystemet utan att känna till dessas fysiologiska natur.,Man har använt dem på grund av deras verkningar på utan nervsystemet att känna till dessas fysiologiska natur.,flip_neighbours
"De lever som deras egna föräldrar gjorde, skilsmässor och sådant är inte något för dem.","De lever som egna föräldrar gjorde, skilsmässor och sådant är inte något för dem.",delete
Låt oss få en klassföreståndartimme på högstadiet!,Låt oss få en klassföreståndartimme högstadiet på!,flip_neighbours
"Ska man svänga till vänster på en väg eller gata med fordonstrafik i båda riktningarna, ska man ligga strax till höger om vägens mitt oavsett om det finns ett eller flera körfält i färdriktningen.","Ska man svänga till vänster på en väg eller gata med fordonstrafik i båda riktningarna, ska man ligga strax till höger vägens mitt oavsett om det finns ett eller flera körfält i färdriktningen.",delete
Krav på disciplin möter du på de flesta andra områden i samhället.,Krav på disciplin du på de flesta andra områden i samhället.,delete
Det innebär inledningen till minst ett halvt års intensiva förhandlingar med EEC-kommissionen för den svenske chefsförhandlaren Sverker Åström.,Det inledningen till minst ett halvt års intensiva förhandlingar med EEC-kommissionen för den svenske chefsförhandlaren Sverker Åström.,delete
Alltså de församlingar som 12-23 procent av de röstberättigade utsåg i söndags.,Alltså församlingar de som 12-23 procent av de röstberättigade utsåg i söndags.,flip_neighbours
När vi senare ska ut i förvärvslivet blir det sannolikt mer komplicerat.,När vi senare ska ut förvärvslivet i blir det sannolikt mer komplicerat.,flip_neighbours
"Hur skall man klara problemen med bostäder, skolor och andra samhälleliga anordningar i ett land som fortfarande befinner sig i början av industrialiseringen?","Hur skall man klara problemen med bostäder, skolor och andra samhälleliga anordningar i ett land som fortfarande befinner sig i början industrialiseringen av?",flip_neighbours
Det nya systemet gör att försäkringskassan nu kan ge dig bättre service.,Det nya systemet gör att försäkringskassan nu kan ge dig bättre.,delete
Striden för kvinnors jämlikhet anses väl numera vara så gott som helt slutförd.,Striden kvinnors jämlikhet anses väl numera vara så gott som helt slutförd.,delete
"En mellanståndpunkt är, att det är etiskt riktigt att begränsa sexuell samlevnad till ett förhållande men att detta förhållande inte behöver vara stadfäst genom vigsel.","En mellanståndpunkt är, att det är etiskt riktigt att begränsa sexuell samlevnad till ett förhållande men att detta inte behöver vara stadfäst genom vigsel.",delete
Har de blivit våra närmaste vänner eller är de främmande unga varelser?,Har de blivit våra närmaste eller vänner är de främmande unga varelser?,flip_neighbours
Att anställa en ' praktikant ' lönar sig verkligen inte.,Att anställa en ' ' lönar sig verkligen inte.,delete
Med storfamilj menades förr vanligen en kärnfamilj utökad med far- eller morföräldrarna,Med storfamilj menades förr en vanligen kärnfamilj utökad med far- eller morföräldrarna,flip_neighbours
Jordarnas innehåll av växtnäringsämne är en avgörande faktor för avkastningen.,Jordarnas innehåll av växtnäringsämne är en faktor avgörande för avkastningen.,flip_neighbours
Dessa analfabeter kommer aldrig i statistiken.,Dessa kommer aldrig i statistiken.,delete
Dubbarna fungerar som balansvikter också vid tämligen låg fart.,fungerar som balansvikter också vid tämligen låg fart.,delete
Den 1 januari 1959 räknas som EEC:s tillkomstdag.,1 den januari 1959 räknas som EEC:s tillkomstdag.,flip_neighbours
"Om en medlem visar utpräglat aggressivt, självständigt, initiativrikt, individuellt eller auktoritärt beteende, visar de övriga medlemmarna i gruppen mindre av samma beteende än de gör i andra situationer.","Om en medlem visar utpräglat aggressivt, självständigt, initiativrikt, individuellt eller auktoritärt beteende, visar de övriga medlemmarna i mindre av samma beteende än de gör i andra situationer.",delete
Flickorna utbildar sig inom betydligt snävare ram:,Flickorna utbildar sig betydligt inom snävare ram:,flip_neighbours
"Vi kan alltså sätta oss ned och rationellt granska äktenskapet, den monogama samlevnadsformen och sexualmoralen och se efter om den leder till lyckliga eller olyckliga konsekvenser.","Vi kan alltså sätta oss och ned rationellt granska äktenskapet, den monogama samlevnadsformen och sexualmoralen och se efter om den leder till lyckliga eller olyckliga konsekvenser.",flip_neighbours
Men fråga är om inte en viss viktorianism här finns kvar på sina håll bland kristna människor - på så sätt att man inte låtsas om att detta kan vara stora problem för dem som är eller blivit ensamma.,Men fråga är inte om en viss viktorianism här finns kvar på sina håll bland kristna människor - på så sätt att man inte låtsas om att detta kan vara stora problem för dem som är eller blivit ensamma.,flip_neighbours
"Andra länder som fattat liknande fast mindre drastiska beslut är Marocko, Algeriet och Nigeria.","Andra länder som fattat liknande fast drastiska mindre beslut är Marocko, Algeriet och Nigeria.",flip_neighbours
"Avdraget måste inte längre styrkas med intyg från barnavårdsnämnd, barnavårdsman eller kommunal förtroendeman.","Avdraget måste inte längre styrkas med intyg barnavårdsnämnd, barnavårdsman eller kommunal förtroendeman.",delete
Eller några synpunkter och förslag att komma med?,Eller några synpunkter och förslag komma med?,delete
Fördelen är att vi får färre mynt att hålla reda på.,Fördelen är att vi får färre mynt att hålla reda.,delete
Och vad gör det egentligen oss hundägare om intelligensen är klokhet som kommer genom erfarenhet?,Och gör det egentligen oss hundägare om intelligensen är klokhet som kommer genom erfarenhet?,delete
Vid krigsslutet tog en helt ny bostadspolitik form.,krigsslutet tog en helt ny bostadspolitik form.,delete
Hyresvärden har fått ökad skyldighet att underhålla lägenheten.,Hyresvärden har fått ökad att underhålla lägenheten.,delete
I den gruppen har 17 procent symptom som tyder på påtagliga psykiska besvär.,den gruppen har 17 procent symptom som tyder på påtagliga psykiska besvär.,delete
Som sådana åtnjuter de enligt borgerlig och kyrklig lag bestämda rättigheter och är underkastade bestämda skyldigheter.,Som sådana åtnjuter de enligt borgerlig och kyrklig lag bestämda rättigheter är underkastade bestämda skyldigheter.,delete
Polyandri - som finns bara i undantagsfall - har troligen att göra med svåra försörjningsvillkor - de nyfödda flickebarnen sätts i stor utsträckning ut i ' vildmarken ' och det uppstår därför kvinnobrist.,- som finns bara i undantagsfall - har troligen att göra med svåra försörjningsvillkor - de nyfödda flickebarnen sätts i stor utsträckning ut i ' vildmarken ' och det uppstår därför kvinnobrist.,delete
Har du tänkt på att utbildning kan ge dig ett bättre och tryggare arbete?,Har du tänkt att på utbildning kan ge dig ett bättre och tryggare arbete?,flip_neighbours
Familjen kunde inte längre ensam klara de otrygghetsproblem som uppstod.,Familjen kunde inte längre ensam klara de otrygghetsproblem som.,delete
De närmaste dagarna efter experimentet uppgav huvudparten av gruppens deltagare att deras sexuella aktivitet stigit avsevärt.,De närmaste dagarna efter experimentet uppgav huvudparten gruppens deltagare att deras sexuella aktivitet stigit avsevärt.,delete
"Avsaltat havsvatten ställer sig ännu för dyrt för att användas inom jordbruket, men projekt har framlagts att använda atomenergi för detta ändamål.","Avsaltat havsvatten ställer sig ännu för dyrt för att användas inom jordbruket, men projekt har framlagts att använda atomenergi detta för ändamål.",flip_neighbours
Rimliga hyreskostnader för en sådan standardlägenhet skulle få motsvara högst 20 % av en industriarbetares inkomst.,Rimliga hyreskostnader en sådan standardlägenhet skulle få motsvara högst 20 % av en industriarbetares inkomst.,delete
Om olja hittas och fynden är så stora att de kan kommersiellt utnyttjas får markägaren en sjuttiofemtedel av värdet.,Om olja hittas och fynden är så stora att de kan kommersiellt utnyttjas får markägaren en sjuttiofemtedel värdet.,delete
"Valsedlarna bör ha * namn på en eller flera kandidater * valkretsbeteckning * uppgift om till vilket val de gäller (riksdag, landsting eller kommunfullmäktige)","Valsedlarna ha bör * namn på en eller flera kandidater * valkretsbeteckning * uppgift om till vilket val de gäller (riksdag, landsting eller kommunfullmäktige)",flip_neighbours
"Du ska ha 3 valsedlar - en gul (riksdagsval), en blå (landstingsval) och en vit (kommunfullmäktigeval).","Du ska 3 valsedlar - en gul (riksdagsval), en blå (landstingsval) och en vit (kommunfullmäktigeval).",delete
Hur pass ont har han i huvudet?,Hur pass ont har i han huvudet?,flip_neighbours
Men ingen får ha mer än 30 andelar.,Men ingen ha får mer än 30 andelar.,flip_neighbours
Det är ur flera synpunkter inte särskilt väl anpassat till vår kultursituation.,Det är ur flera synpunkter särskilt väl anpassat till vår kultursituation.,delete
Instrumenten för detta är de stads- och byggnadsplaner kommunerna upprättar.,Instrumenten för detta är de stads- byggnadsplaner och kommunerna upprättar.,flip_neighbours
Det har inte gjorts någon undersökning av hur ofta cirkapriserna underskrids eller överskrids.,Har det inte gjorts någon undersökning av hur ofta cirkapriserna underskrids eller överskrids.,flip_neighbours
Medan jag bäddade sängarna försökte jag komma ihåg i vilken tidning det var.,Medan jag bäddade sängarna försökte jag komma ihåg i vilken tidning var det.,flip_neighbours
Liksom tidigare kan man stryka namn på valsedel.,Liksom tidigare kan stryka man namn på valsedel.,flip_neighbours
Rörelselek är all motorisk övning från spädbarnets gripande efter sin skallra till de större barnens sportutövande.,Rörelselek är all motorisk övning från spädbarnets gripande efter sin skallra de till större barnens sportutövande.,flip_neighbours
"Och 35000 valboxar, tre stycken i varje vallokal och postanstalt.","35000 valboxar, tre stycken i varje vallokal och postanstalt.",delete
Du har kanske läst platsannonser och försökt räkna ut om det blir lätt eller svårt att få jobb.,Har du kanske läst platsannonser och försökt räkna ut om det blir lätt eller svårt att få jobb.,flip_neighbours
"De två hålen till höger markerar valkrets, de två vänstra parti respektive partifraktion.","Två de hålen till höger markerar valkrets, de två vänstra parti respektive partifraktion.",flip_neighbours
Men den kvinnliga rösträtten tillkom - kanske som en av de viktigare förutsättningarna - praktiskt taget samtidigt med att rösträtten blev allmän även för männen.,Men den kvinnliga rösträtten tillkom - kanske som en de viktigare förutsättningarna - praktiskt taget samtidigt med att rösträtten blev allmän även för männen.,delete
"Kåren av barnvårdarinnor, som kan ta hand om sjuka barn i hemmet och som eventuellt kan vara barnvakt på kvällarna och enstaka nätter, måste utökas.","Kåren av barnvårdarinnor, som kan ta hand om sjuka barn i hemmet och som eventuellt kan vara barnvakt på och enstaka nätter, måste utökas.",delete
"Dessa inkomster är * inkomst av tjänst - lön, pension, livränta, undantagsförmåner och övrig tjänsteinkomst. (Undantag: periodiskt understöd eller därmed jämförlig periodisk inkomst.) * inkomst av jordbruksfastighet - om den skattskyldige arbetat i jordbruket i ej blott ringa omfattning. * inkomst av rörelse - om den skattskyldige arbetat i rörelsen i ej blott ringa omfattning.","Dessa inkomster är * inkomst av tjänst - lön, pension, livränta, undantagsförmåner och övrig tjänsteinkomst. (Undantag: periodiskt understöd eller därmed jämförlig periodisk inkomst.) * inkomst av jordbruksfastighet - om den arbetat skattskyldige i jordbruket i ej blott ringa omfattning. * inkomst av rörelse - om den skattskyldige arbetat i rörelsen i ej blott ringa omfattning.",flip_neighbours
"Där kan hyrorna i stort sett inte ändras såvida inte kostnaderna ökar för fastighetsförvaltning, genom ombyggnad eller förbättring.","Där kan hyrorna i stort sett inte ändras såvida inte kostnaderna ökar fastighetsförvaltning för, genom ombyggnad eller förbättring.",flip_neighbours
Efter sju år kom de med båt till samma ställe.,Efter sju år kom de med båt till samma.,delete
"Om det finns olja i Skåne eller i den ' svenska ' delen av Östersjön så är det Jerome Bayless från Tulsa, Oklahoma, som skall borra fram den.","Om det finns olja i Skåne eller i den ' svenska ' av Östersjön så är det Jerome Bayless från Tulsa, Oklahoma, som skall borra fram den.",delete
En skrift som manade till eftertanke och direkta åtgärder.,En skrift som manade till och direkta åtgärder.,delete
Av vilka orsaker har man inom sjöfarten nästan helt övergått till oljedrift?,Av vilka orsaker har man inom nästan sjöfarten helt övergått till oljedrift?,flip_neighbours
I den första och tredje undersökningen deltog också psykolog Per-Erik Almgren.,I den första tredje undersökningen deltog också psykolog Per-Erik Almgren.,delete
"Medan man väntar på turen och barnen växer hankar man sej fram med de olika nödlösningarna: flickorna en flyktig och växlande skara av unga och instabila personer som hamnat i jobbet utan speciella kvalifikationer, dagmammorna, en ännu mera obekant faktor i barnens liv, det knepiga trebarnssystemet där tre grannfamiljer slår sej ihop om en utbildad sköterska - men där barnen lika lite kommer ut ur den trånga miljön med en isolerad kvinnsperson - aldrig en karl för den ensamma mammans barn.","Medan man väntar på turen och barnen växer hankar man sej fram med de olika nödlösningarna: flickorna en flyktig växlande skara av unga och instabila personer som hamnat i jobbet utan speciella kvalifikationer, dagmammorna, en ännu mera obekant faktor i barnens liv, det knepiga trebarnssystemet där tre grannfamiljer slår sej ihop om en utbildad sköterska - men där barnen lika lite kommer ut ur den trånga miljön med en isolerad kvinnsperson - aldrig en karl för den ensamma mammans barn.",delete
Det är svårt att hitta gemensamma kännetecken för den stora gruppen som är utan inkomster över huvud taget - det ligger många orsaker bakom.,Det är svårt att hitta gemensamma kännetecken för den stora gruppen som är inkomster över huvud taget - det ligger många orsaker bakom.,delete
"Det har mindre och mindre blivit offentliga angelägenheter - där staten, samhället, samhällsklass eller storfamiljen är intressenter.","Det har mindre och mindre blivit offentliga angelägenheter - där, samhället, samhällsklass eller storfamiljen är intressenter.",delete
"Men för de flesta är det knappast de ekonomiska hänsynen som är de viktigaste utan de psykologiska, bundenheten vid en traditionell rollfördelning som hämmar männens engagemang i barnavården och kvinnornas i yrkeslivet.","För men de flesta är det knappast de ekonomiska hänsynen som är de viktigaste utan de psykologiska, bundenheten vid en traditionell rollfördelning som hämmar männens engagemang i barnavården och kvinnornas i yrkeslivet.",flip_neighbours
Under gynnsamma betingelser har avkastningen varit mycket tillfredsställande.,Under gynnsamma betingelser har varit avkastningen mycket tillfredsställande.,flip_neighbours
"Han försökte med teckenspråk, försökte rita, men han hade C i teckning i skolan.","Han försökte med teckenspråk, försökte rita, men han hade C teckning i i skolan.",flip_neighbours
Brist på yrkesutbildning är ett hinder för många när det gäller att få nytt arbete.,Brist på yrkesutbildning är ett för hinder många när det gäller att få nytt arbete.,flip_neighbours
"År 1920, och först då, fick den gifta kvinnan fullständig myndighet.","1920 år, och först då, fick den gifta kvinnan fullständig myndighet.",flip_neighbours
Jag tror barn som växer upp i kollektiv miljö måste vara bättre anpassade att leva tillsammans än vad vi var.,Jag tror barn som växer upp i kollektiv miljö måste vara bättre anpassade att tillsammans än vad vi var.,delete
"Den medicinska behandlingen, som givetvis är nödvändig om dessa personer skall kunna räddas till liv och hälsa, måste därför i första hand ta sikte på att förbättra allmäntillståndet genom närings- och vitamintillförsel.","Den medicinska behandlingen, som givetvis är nödvändig om dessa skall personer kunna räddas till liv och hälsa, måste därför i första hand ta sikte på att förbättra allmäntillståndet genom närings- och vitamintillförsel.",flip_neighbours
Inte förrän 1850 noterades den första miljarden.,Förrän inte 1850 noterades den första miljarden.,flip_neighbours
Försök redan från första dagen att acceptera kamraterna och visa hänsyn mot dem.,Försök redan från första dagen acceptera att kamraterna och visa hänsyn mot dem.,flip_neighbours
"Stora förhoppningar knyts till växtförädlingen, när det gäller att öka livsmedelsproduktionen i u-länderna.","Stora förhoppningar till växtförädlingen, när det gäller att öka livsmedelsproduktionen i u-länderna.",delete
Totala kostnaden för en kraftstation utbyggd med fyra aggregat blir således ca 2 miljarder kronor.,Totala kostnaden för en kraftstation utbyggd med fyra aggregat blir således 2 ca miljarder kronor.,flip_neighbours
Vad som måste krävas är en mer realistisk uppfattning om relationen man - kvinna för släktets bevarande.,Vad som måste krävas är mer en realistisk uppfattning om relationen man - kvinna för släktets bevarande.,flip_neighbours
Annars står vi glatt till tjänst med att ytterligare förstärka det.,Annars står vi glatt till tjänst med att ytterligare det.,delete
Ibland utses också barnavårdsman för barn i äktenskap när föräldrarna inte lever tillsammans.,Ibland utses också barnavårdsman barn för i äktenskap när föräldrarna inte lever tillsammans.,flip_neighbours
Och han tror att man framförallt inom processindustrin kan ändra på tiderna utan för stora kostnader men däremot få höga vinster.,Och han tror att man framförallt inom processindustrin kan ändra på tiderna utan för stora kostnader men däremot få höga.,delete
De tycker om granna färger.,De om granna färger.,delete
"De nordiska deltagarna fattade där ett beslut om regionalt samarbete, som så småningom resulterade i Nordiska kommitten för modernisering av matematikundervisningen med bland andra lektor Hemer som ledamot.","De nordiska deltagarna fattade där ett beslut om regionalt samarbete, som så småningom resulterade i Nordiska kommitten för modernisering av matematikundervisningen med bland andra lektor Hemer ledamot som.",flip_neighbours
Låglöneproblematiken är inte bara en fråga om att vara hänvisad till slumnivå och sociala bidrag.,Låglöneproblematiken är inte bara en fråga om att hänvisad till slumnivå och sociala bidrag.,delete
På detta sätt styrs beteendet mot konformitet i en rad olika avseenden.,På detta sätt styrs beteendet mot konformitet en rad olika avseenden.,delete
"Men människorna skall också beredas arbete i industrier, kommunikationer och annan serviceverksamhet för att därigenom få en högre levnadsstandard.","Men människorna skall också beredas arbete industrier, kommunikationer och annan serviceverksamhet för att därigenom få en högre levnadsstandard.",delete
"Tiden får inte användas till fortsatt undervisning i obligatoriska ämnen eller tillvalsämnen, utan eleverna skall välja aktiviteter efter intresse på andra områden.","Tiden får inte till fortsatt undervisning i obligatoriska ämnen eller tillvalsämnen, utan eleverna skall välja aktiviteter efter intresse på andra områden.",delete
"Det betyder att bostadstillägget minskas om inkomsterna utöver folkpensionen uppgår till mer än ett visst belopp, nämligen 2000 kr för en ensam pensionär och 3000 kr för två makar tillsammans.","Det att betyder bostadstillägget minskas om inkomsterna utöver folkpensionen uppgår till mer än ett visst belopp, nämligen 2000 kr för en ensam pensionär och 3000 kr för två makar tillsammans.",flip_neighbours
Om bara den ena maken vill ha hemskillnad måste han eller hon stämma den andra inför domstol.,Om bara den ena maken vill ha måste han eller hon stämma den andra inför domstol.,delete
Kvinnans reella likställdhet med mannen är så lite förverkligad att det som förvånar mest är det ringa uppseende och den ringa grad av indignation detta faktum framkallar.,Kvinnans reella med mannen är så lite förverkligad att det som förvånar mest är det ringa uppseende och den ringa grad av indignation detta faktum framkallar.,delete
"För den som vill veta mer om konsumentprisindex har statistiska centralbyrån givit ut en broschyr, vilken kan köpas i bokhandeln eller rekvireras från Allmänna Förlaget, Fack, 10320 Stockholm 16.","För den som vill veta mer konsumentprisindex om har statistiska centralbyrån givit ut en broschyr, vilken kan köpas i bokhandeln eller rekvireras från Allmänna Förlaget, Fack, 10320 Stockholm 16.",flip_neighbours
"Det är inte alltid lätt att få lugn omkring sig om man har flera småbarn i familjen - som kanske dessutom känner sig avundsjuka på den minste som får ha mamma alldeles för sig själv, men om matningen kan ordnas som en skön stund utan jäkt och brådska är det bäst för både mor och barn.","Det är inte alltid lätt att få lugn omkring sig om man har flera småbarn i familjen - som kanske dessutom känner sig avundsjuka på den minste som får ha mamma alldeles för sig själv, men om matningen kan ordnas som en skön stund utan jäkt och brådska är det bäst för både och barn.",delete
Måste vi inte på allt sätt arbeta på att förändra detta manssamhälles attityder mot det kvinnliga?,Måste vi inte på allt arbeta på att förändra detta manssamhälles attityder mot det kvinnliga?,delete
Sov en stund eller rör på dig i friska luften.,Sov en stund eller rör dig på i friska luften.,flip_neighbours
"Argumentet är detta: ett äktenskap, där makarna inte har någon glädje av varandra utan tvärtom kränker varandra, kan inte kallas ett äktenskap.","Argumentet är detta: ett äktenskap, där makarna inte har någon glädje av varandra utan tvärtom kränker varandra, inte kan kallas ett äktenskap.",flip_neighbours
Hur bestämmelserna än är finns det dock vid marina-anläggningarna uppsamlingstankar och pumpstationer med anslutningar vid bryggorna för utsugning av avfallet.,Hur bestämmelserna än är finns det dock vid marina-anläggningarna uppsamlingstankar och pumpstationer anslutningar med vid bryggorna för utsugning av avfallet.,flip_neighbours
Jag sökte jobb efter jobb men inte fick jag någon plats.,Jag sökte jobb efter jobb men inte fick jag plats någon.,flip_neighbours
Det beror på att undervisningssystemen övertagits från den forna kolonialmakten och ofta har värderingar från 1800-talet.,beror på att undervisningssystemen övertagits från den forna kolonialmakten och ofta har värderingar från 1800-talet.,delete
Då är färgerna irrelevanta i sammanhanget.,Då är färgerna irrelevanta sammanhanget i.,flip_neighbours
"Säger bibeln uttryckligen något om, varför eller rättare: vartill en man och en kvinna skall förenas i äktenskapet?","bibeln uttryckligen något om, varför eller rättare: vartill en man och en kvinna skall förenas i äktenskapet?",delete
"Vi gillar inte samhällstillvända samhällsbrickor, vi vill ha utvecklade människor.","Gillar vi inte samhällstillvända samhällsbrickor, vi vill ha utvecklade människor.",flip_neighbours
Exemplet från Utah ger också anledning att ställa en annan fråga.,Från exemplet Utah ger också anledning att ställa en annan fråga.,flip_neighbours
Nybörjarkurser ger yrkesutbildning åt arbetslös ungdom som tidigare inte fått sådan utbildning.,Nybörjarkurser ger yrkesutbildning åt arbetslös ungdom som tidigare inte fått utbildning sådan.,flip_neighbours
Sparpremien räknas på ett belopp på högst 3000 kronor.,räknas på ett belopp på högst 3000 kronor.,delete
För det skulle han antingen behöva studera samma barn under en följd av år eller olika barn på varje åldersnivå mellan 1 och 10 år.,För det skulle han antingen behöva studera samma barn under en följd av eller olika barn på varje åldersnivå mellan 1 och 10 år.,delete
"År 1975, då de två första aggregaten är under byggnad, bedöms personalen uppgå till maximalt ca 1100 man.","År 1975, då de två aggregaten första är under byggnad, bedöms personalen uppgå till maximalt ca 1100 man.",flip_neighbours
Följden har blivit att en stor del av befolkningen i dessa områden svälter.,Följden blivit att en stor del av befolkningen i dessa områden svälter.,delete
Data finns från en undersökning utförd år 1957 av professor Carin Boalt.,Data finns från en undersökning utförd år 1957 professor Carin Boalt.,delete
I svenska utökas undervisningen i dramatisk framställning och i film- och TV-kunskap.,I svenska utökas undervisningen i dramatisk framställning och i film- och.,delete
Grundbeloppet är 60 kr i månaden när det finns ett barn.,Grundbeloppet är 60 kr i månaden när det ett finns barn.,flip_neighbours
"I Svenska Dagbladets debatt använde man den falska motsättningen rent politiskt, för att genom en konstruerad lojalitet ' hemmafruar emellan ' driva fram en konservativ opinion mot Strängs skatteförslag.","I Svenska Dagbladets debatt använde man den falska motsättningen rent politiskt, för att genom en konstruerad lojalitet ' emellan ' driva fram en konservativ opinion mot Strängs skatteförslag.",delete
"Det skall sortera under socialstyrelsen, och dess arbete skall i första hand inriktas på lekmaterial men också på miljöfrågor.","Det skall sortera under socialstyrelsen, och dess skall arbete i första hand inriktas på lekmaterial men också på miljöfrågor.",flip_neighbours
I en skola för alla är det inte realistiskt att kräva samma prestationer av alla elever.,I en skola för alla är det inte realistiskt att kräva samma prestationer av elever alla.,flip_neighbours
"Det kan inte nog upprepas, att hem- och familjeliv, vården av de intimare mänskliga relationerna överhuvud, är fundamentalt mänskliga angelägenheter och inte fundamentalt kvinnliga.","Det kan inte nog upprepas, att hem- familjeliv och, vården av de intimare mänskliga relationerna överhuvud, är fundamentalt mänskliga angelägenheter och inte fundamentalt kvinnliga.",flip_neighbours
"Också där måste denna etik leda till klara sociala konsekvenser: bostäder, hjälp till mödrar, kort sagt social välfärd också för det väntade barnet.","Också där måste denna etik leda till klara sociala konsekvenser: bostäder, hjälp till, kort sagt social välfärd också för det väntade barnet.",delete
"Bör inte lusten att vårda i stället ses som en ytterligt värdefull kvinnlig egenskap, som samhället bör ta vara på, när vi inom en snar framtid enligt våra framtidsforskare får datastyrda fabriker och måste sysselsätta allt fler människor inom den vårdande sektorn?","Bör inte lusten att vårda i stället ses en som ytterligt värdefull kvinnlig egenskap, som samhället bör ta vara på, när vi inom en snar framtid enligt våra framtidsforskare får datastyrda fabriker och måste sysselsätta allt fler människor inom den vårdande sektorn?",flip_neighbours
Patienten på bilden längst t.h. vill bli vänd och sova på rygg i stället.,Patienten på längst bilden t.h. vill bli vänd och sova på rygg i stället.,flip_neighbours
Då blir det fråga om mänskliga rättigheter (jfr s. 264).,Då blir det om mänskliga rättigheter (jfr s. 264).,delete
"Artikeln bygger främst på Unesco Courier, January 1970; Världshorisont 1, 1970; och Svenska FN-förbundets och skolöverstyrelsens studiehäfte ' Undervisning eller undergång '.","Artikeln bygger främst på Unesco Courier, January 1970; Världshorisont 1, 1970; och Svenska och skolöverstyrelsens studiehäfte ' Undervisning eller undergång '.",delete
"Då Haussmann och Napoleon III skapade det nutida Paris centrum strävade de att skapa intryck av monumentalitet, genom breda gator, stora torg, statyer, kolonner, palats och offentliga byggnader i gatuperspektivens fond.","Då Haussmann och III Napoleon skapade det nutida Paris centrum strävade de att skapa intryck av monumentalitet, genom breda gator, stora torg, statyer, kolonner, palats och offentliga byggnader i gatuperspektivens fond.",flip_neighbours
Dessutom reduceras bankräntan efter de bestämmelser som gäller för bankkonto med 12 månaders uppsägning (medlen behandlas vid uttag som om de vore uppsagda till återbetalning per 1.1.1972).,Dessutom reduceras bankräntan efter de bestämmelser som gäller för bankkonto 12 månaders uppsägning (medlen behandlas vid uttag som om de vore uppsagda till återbetalning per 1.1.1972).,delete
"I äldre litteratur möter man ofta ett påstående, att alla våra energikällor på ett eller annat sätt härrör från solenergin.","I äldre litteratur möter man ett ofta påstående, att alla våra energikällor på ett eller annat sätt härrör från solenergin.",flip_neighbours
Misstroendeförklaringen innebär att det berörda statsrådet måste avgå.,Innebär misstroendeförklaringen att det berörda statsrådet måste avgå.,flip_neighbours
Också i fråga om avlagda högre akademiska examina leder männen överlägset.,Också fråga om avlagda högre akademiska examina leder männen överlägset.,delete
"Fruktsamheten, barnafödandet och barnuppfostrandet är alltså äktenskapets primära syftning.","Fruktsamheten, barnafödandet barnuppfostrandet är alltså äktenskapets primära syftning.",delete
"I dessa fall då orsaken alltså inte är den vanliga höggradig åderförkalkning, finns chansen att återföra patienten till ett normalt liv genom en operation av det slag som återges på skissen här intill","I dessa fall då orsaken alltså inte är den vanliga höggradig åderförkalkning, finns chansen att återföra patienten till ett normalt genom en operation av det slag som återges på skissen här intill",delete
Inte heller ville han att EEC skulle bli ett s k överstatligt organ genom vilket medlemsländerna helt kunde styras.,Inte heller ville han EEC skulle bli ett s k överstatligt organ genom vilket medlemsländerna helt kunde styras.,delete
Kvinnans ställning i arbetslivet är kanske på sitt sätt ännu mer nedvärderad än i det politiska livet.,Kvinnans ställning i arbetslivet är kanske på sitt ännu mer nedvärderad än i det politiska livet.,delete
Söker man däremot arbete på annan ort och kanske i ett yrke som man inte känner så väl till behövs betydligt fler upplysningar.,Söker man däremot arbete på annan ort och kanske i ett yrke som man inte känner så väl till behövs betydligt upplysningar fler.,flip_neighbours
Ställer man däremot bestämda krav på lägenheternas beskaffenhet och storlek måste man bygga mer.,Ställer man däremot bestämda på lägenheternas beskaffenhet och storlek måste man bygga mer.,delete
Hur ter sig de öppna platserna i din egen hemstad?,Hur ter sig de öppna platserna i din hemstad egen?,flip_neighbours
För att få det statliga omställningsbidraget ska man under året fylla minst 60 år.,För att få statliga det omställningsbidraget ska man under året fylla minst 60 år.,flip_neighbours
"Därvid har föreslagits följande sex aspekter på ' medmänskliga dugligheter ': hälsa, intelligens, kontakt- och inlevelseförmåga, självständighet och självkänsla, omdöme och skapande förmåga.","Därvid har föreslagits följande sex aspekter på ' medmänskliga dugligheter ': hälsa, intelligens, och kontakt- inlevelseförmåga, självständighet och självkänsla, omdöme och skapande förmåga.",flip_neighbours
I krig utförs all verksamhet i ' skarpladdad miljö '.,Krig I utförs all verksamhet i ' skarpladdad miljö '.,flip_neighbours
De flesta bilar är i dag redan från fabriken utrustade med radialdäck.,De flesta bilar är i dag redan från fabriken utrustade radialdäck med.,flip_neighbours
Men denna princip går inte alltid att tillämpa i människornas ofullkomliga värld.,Men denna princip går inte alltid att tillämpa i ofullkomliga människornas värld.,flip_neighbours
Familjen är emellertid konservativ på samma sätt som kärleken ofta är egoistisk.,Familjen är emellertid konservativ på sätt samma som kärleken ofta är egoistisk.,flip_neighbours
"Det gäller t.ex. de talrika järnvägsparker, vilka som en grön sträng kom att skilja många stationer från den närmaste bebyggelsen.","Det gäller t.ex. de talrika järnvägsparker, vilka som en grön sträng kom att skilja många från stationer den närmaste bebyggelsen.",flip_neighbours
Lite senare i livet använder man 39000 kronor för att lära den värnpliktige skjuta.,Lite senare i livet använder man 39000 kronor för att den värnpliktige skjuta.,delete
"I Indien går det nära 6000 människor på varje läkare, i Etiopien nära 100000, i Ruanda nära 150000 - i Sverige under 1000, i USA under 700.","I Indien går det nära 6000 människor på varje läkare, i Etiopien nära 100000, Ruanda nära 150000 - i Sverige under 1000, i USA under 700.",delete
Du måste både kunna handla självständigt och lyda för att bli en bra soldat.,Du måste både kunna handla självständigt och lyda för att bli en bra.,delete
"Kibbutzbarnen tycktes vara mer ointresserade och likgiltiga än moshavbarnen, möjligen på grund av att de blev mycket frusterade av att sköterskans uppmärksamhet måste fördelas jämnt mellan flera andra små rumskamrater. ' 8","Kibbutzbarnen tycktes vara mer ointresserade och likgiltiga än moshavbarnen, möjligen på grund av de att blev mycket frusterade av att sköterskans uppmärksamhet måste fördelas jämnt mellan flera andra små rumskamrater. ' 8",flip_neighbours
Dessutom slits dessa långa dubbar snabbt genom att de viker sig.,Dessutom slits dessa långa dubbar snabbt genom att viker sig.,delete
I positiv riktning för kvinnornas yrkesverksamhet verkar den jämställdhet mellan flickor och pojkar som råder inom skolan.,I positiv riktning för kvinnornas yrkesverksamhet verkar den jämställdhet mellan flickor och pojkar som råder skolan inom.,flip_neighbours
Uppräkningen nyss av typiska ' u-landsegenskaper ' bidrar till ett sådant intryck.,Uppräkningen nyss av typiska ' u-landsegenskaper ' bidrar till ett intryck sådant.,flip_neighbours
Ungefär 40 procent av anslaget går till FN och dess fackorgan för vidare utdelning.,Ungefär 40 procent anslaget av går till FN och dess fackorgan för vidare utdelning.,flip_neighbours
"När ackorden sätts, sätts dom så att man inte kan höja lönen ett dugg, fast enligt lagen ska det finnas en tioprocentig möjlighet att höja ackordet.","När ackorden sätts, sätts dom så att man inte kan höja ett dugg, fast enligt lagen ska det finnas en tioprocentig möjlighet att höja ackordet.",delete
"Äktenskapet är ett avtal, och ett bindande avtal.","Äktenskapet är avtal ett, och ett bindande avtal.",flip_neighbours
"Vi skulle klara oss alldeles utmärkt utan självhushållets hela prylarsenal, vi skulle kanske rentav trivas bättre med ett mera lättmanövrerat liv, i turistklass.","Vi skulle klara oss alldeles utmärkt utan självhushållets hela prylarsenal, vi skulle kanske rentav bättre med ett mera lättmanövrerat liv, i turistklass.",delete
Utbildningen av olika sociala utlösningsmekanismer är även en form av isolering och kan ha liknande betydelse för uppkomsten av nya arter.,Utbildningen av olika sociala utlösningsmekanismer är även en form av och kan ha liknande betydelse för uppkomsten av nya arter.,delete
Bidraget utgår under högst 12 månader.,Bidraget utgår under högst månader 12.,flip_neighbours
Rapporten om gifthalterna i de här fisksorterna kommer från en omfattande undersökning som gjorts av en forskargrupp på Riksmuseet.,Rapporten om i de här fisksorterna kommer från en omfattande undersökning som gjorts av en forskargrupp på Riksmuseet.,delete
Den expressiva funktionen utövas huvudsakligen av modern.,Den expressiva funktionen huvudsakligen av modern.,delete
Det andra kristna svaret använder sig av värderegeln: man ska handla så att resultatet blir det bästa för de flesta.,Det andra kristna svaret använder sig av värderegeln: man ska handla så att resultatet blir det bästa de för flesta.,flip_neighbours
"Bland de fundamentala ting som barn behöver för att utvecklas till harmoniska, självständiga människor spelar leken en stor roll.","Bland de fundamentala ting som barn behöver för att utvecklas till harmoniska, självständiga människor spelar leken en roll stor.",flip_neighbours
"Sällan har väl barn i något samhälle blivit så lite diciplinerade och auktoritetsbundna, så fria och obundna samtidigt som man lagt ned så mycket tid och möda på att ge dem en bra uppfostran.","Sällan har väl barn i något samhälle blivit så lite diciplinerade och auktoritetsbundna, så fria och obundna samtidigt som man lagt ned så mycket tid och möda på att ge en bra uppfostran.",delete
Ett intensivt arbete pågår för att klarlägga denna sjukdom.,Ett intensivt pågår för att klarlägga denna sjukdom.,delete
Vid avfart - ge tecken i god tid och håll väl ut till höger.,Vid avfart - ge tecken i god tid och håll väl till ut höger.,flip_neighbours
År 1969 trädde en ny hyreslag i kraft.,År 1969 trädde en hyreslag ny i kraft.,flip_neighbours
"När Bowlby skriver ' mamma ', så menar han med detta inte bara den som sköter om barnets rent fysiska behov utan också den som tillfredsställer barnets behov av värme och psykisk stimulans - funktioner som vi slentrianmässigt kommit att tillföra kvinnan i hennes roll som mor.","När Bowlby skriver ' mamma ', så menar han med detta inte bara den som sköter om barnets rent fysiska behov utan också den som tillfredsställer barnets behov värme och psykisk stimulans - funktioner som vi slentrianmässigt kommit att tillföra kvinnan i hennes roll som mor.",delete
"Fastän äktenskap av samhället bekräftas först med vigseln, räknar svensk lag alltjämt trolovningsbarn som rätta arvingar.","Fastän äktenskap av samhället först bekräftas med vigseln, räknar svensk lag alltjämt trolovningsbarn som rätta arvingar.",flip_neighbours
Mätningar med oscilloskop har gett värden på 170 decibel (!).,Mätningar med oscilloskop gett värden på 170 decibel (!).,delete
Det ökar med 20 kr i månaden för varje barn utöver ett.,Det ökar med 20 kr i månaden för varje utöver ett.,delete
"Men nu kan vi också tillgodogöra oss den kraftutveckling, som sker vid kärnreaktioner.","Men nu kan vi också tillgodogöra oss den kraftutveckling, som sker kärnreaktioner.",delete
Nationalinkomsten kommer inte att stiga lika kraftigt som under 60-talet.,Nationalinkomsten kommer inte att stiga lika kraftigt som 60-talet under.,flip_neighbours
Dessutom finns det valsedelsblanketter utan partibeteckning och namn på alla ställen där man kan rösta.,Dessutom finns det valsedelsblanketter utan partibeteckning och på alla ställen där man kan rösta.,delete
Belgien och Holland har 2 röster var och Luxemburg har 1 röst.,Belgien och Holland har 2 var röster och Luxemburg har 1 röst.,flip_neighbours
Gud har skapat människan med den sexuella driften för fortplantningens skull och därmed för människosläktets bestånd.,Gud har skapat människan med den sexuella driften fortplantningens för skull och därmed för människosläktets bestånd.,flip_neighbours
Det är stor skillnad mot nu.,Är det stor skillnad mot nu.,flip_neighbours
"När det gäller en försändelse med fack- eller boxadress använder man postnumret för den av ortens postanstalter, där adressaten hämtar sin post i fack eller box.","När det gäller en försändelse med fack- eller boxadress använder man postnumret för den av ortens postanstalter, där hämtar sin post i fack eller box.",delete
Liten personal och mycket små resurser var ofrånkomliga villkor.,Liten personal och mycket små var resurser ofrånkomliga villkor.,flip_neighbours
"Innan man begär hemskillnad är man skyldig att begära medling hos präst eller hos medlare, som är utsedd av kommunen.","Innan man begär hemskillnad är man skyldig att begära medling hos präst eller hos medlare, är utsedd av kommunen.",delete
Omkring hälften av dem som insjuknar blir psykiskt invalidiserade under flera år eller för resten av sitt liv.,Hälften omkring av dem som insjuknar blir psykiskt invalidiserade under flera år eller för resten av sitt liv.,flip_neighbours
Det stadgas i den s k stenkolslagen från 1886 som dammats av för den här situationen.,Det stadgas i den s k stenkolslagen från 1886 som dammats för den här situationen.,delete
"Antalet lärare i världen ökar långsammare än antalet elever, 3,9 procent mot 4,8 procent.","Antalet lärare i världen långsammare än antalet elever, 3,9 procent mot 4,8 procent.",delete
"Kissar man ljusgul, röd eller porterfärgad urin?","man ljusgul, röd eller porterfärgad urin?",delete
"Felaktig och syndig blir dragningen, när den i tanke, ord och handling leder till sexuella förbindelser vid sidan om de av Gud i äktenskapet stadfästa.","Felaktig och syndig blir dragningen, när den i tanke, ord och handling leder till sexuella vid sidan om de av Gud i äktenskapet stadfästa.",delete
Men här får vi slutresultatet litet senare på natten.,Men får här vi slutresultatet litet senare på natten.,flip_neighbours
Det innebär ett behov eller begär efter ämnet i fråga och mer eller mindre svåra psykiska och fysiska symptom om inte begäret tillfredsställes.,Det ett behov eller begär efter ämnet i fråga och mer eller mindre svåra psykiska och fysiska symptom om inte begäret tillfredsställes.,delete
Man kan vänja sig vid flytväst vid lek i vatten.,Kan man vänja sig vid flytväst vid lek i vatten.,flip_neighbours
Redan på 1890-talet började Wienarkitekten Otto Wagner sträva efter att förvandla kvarterens inre till en trädgård med grönska och lekplatser.,Redan på 1890-talet började Wienarkitekten Otto Wagner sträva efter att förvandla kvarterens till inre en trädgård med grönska och lekplatser.,flip_neighbours
Då har man alltså inte räknat med barn under skolåldern.,Då har man alltså inte räknat med barn under.,delete
Arbetsförmedlingen ger dig information om lediga platser bl.a. i veckotidningen Arbetsmarknaden och i lokala platslistor. Den tillhandahåller också en omfattande information om läget på arbetsmarknaden inom olika branscher och i olika delar av landet. erbjuder dig yrkesvägledning vid valet av yrke och utbildningsväg och hjälper dig att kartlägga dina förutsättningar för olika arbetsuppgifter. hjälper dig genom särskilda åtgärder - arbetsvård - att minska eller undanröja de hinder som ett handikapp kan utgöra för dig på arbetsmarknaden och försöker finna ett lämpligt arbete i öppna marknaden eller erbjuda andra arbetsmöjligheter.,Arbetsförmedlingen ger dig information om lediga platser bl.a. i veckotidningen Arbetsmarknaden och i lokala platslistor. Den tillhandahåller också en omfattande information om läget på arbetsmarknaden inom olika branscher och i olika delar av landet. erbjuder dig yrkesvägledning vid valet av yrke och utbildningsväg och dig att kartlägga dina förutsättningar för olika arbetsuppgifter. hjälper dig genom särskilda åtgärder - arbetsvård - att minska eller undanröja de hinder som ett handikapp kan utgöra för dig på arbetsmarknaden och försöker finna ett lämpligt arbete i öppna marknaden eller erbjuda andra arbetsmöjligheter.,delete
"Här skulle utom affärer och hantverkare finnas tvätteri med klädvård, kantin med matförsäljning, cafe, bibliotek med lyssningsrum, kanske en kvartersbio, teverum, lokaler för sällskapsliv och sport, bastu, möjligen en liten bassäng.","Här skulle affärer utom och hantverkare finnas tvätteri med klädvård, kantin med matförsäljning, cafe, bibliotek med lyssningsrum, kanske en kvartersbio, teverum, lokaler för sällskapsliv och sport, bastu, möjligen en liten bassäng.",flip_neighbours
Förhållandet mellan föräldrar och barn är givetvis något mycket mer än vad som ligger i begreppet ' barnavård '.,Förhållandet mellan föräldrar och barn givetvis är något mycket mer än vad som ligger i begreppet ' barnavård '.,flip_neighbours
"I Bibeln omtalas, att det i det gamla Israel inte var ovanligt att en man hade flera hustrur.","I Bibeln, att det i det gamla Israel inte var ovanligt att en man hade flera hustrur.",delete
Sociologiska undersökningar visar att de traditionella uppfattningarna lever kvar med en envishet som skarpt kontrasterar med kvinnans ökade insatser i arbetslivet.,Sociologiska undersökningar visar att de traditionella uppfattningarna lever kvar med en envishet skarpt som kontrasterar med kvinnans ökade insatser i arbetslivet.,flip_neighbours
"Därefter börjar eftermiddagens övningar, som oftast pågår till kl 1700.","Därefter börjar eftermiddagens övningar, som oftast till kl 1700.",delete
Denna ' medicinska bildtolk ' av prof. Adams-Ray med teckningar av Claes Folkeson presenterades på onsdagen av Håkan Ohlssons förlag i Lund.,Denna ' medicinska bildtolk ' av prof. Adams-Ray med teckningar av Claes Folkeson presenterades på onsdagen av Håkan Ohlssons förlag Lund i.,flip_neighbours
"Eleverna får välja slöjdart varje år, antingen textilslöjd eller trä- och metallslöjd.","Eleverna får välja varje slöjdart år, antingen textilslöjd eller trä- och metallslöjd.",flip_neighbours
Det monogama äktenskapet är enligt kristen uppfattning den bästa förutsättningen för att kontrahenterna ska lära känna varandra och samman i ett inbördes förtroende.,Det monogama äktenskapet är kristen uppfattning den bästa förutsättningen för att kontrahenterna ska lära känna varandra och samman i ett inbördes förtroende.,delete
Detta betyder att udda husnummer t o m 17 och jämna husnummer t o m 18 har postnumret 50232.,Detta betyder att udda husnummer t o m och 17 jämna husnummer t o m 18 har postnumret 50232.,flip_neighbours
Fr o m den 1 januari 1971 kan man välja mellan följande: 1 Vanlig befordran 2 Vanlig befordran + utkörning 3 Ilbefordran 4 Ilbefordran + expressutdelning,Fr o m den 1 januari 1971 kan man mellan välja följande: 1 Vanlig befordran 2 Vanlig befordran + utkörning 3 Ilbefordran 4 Ilbefordran + expressutdelning,flip_neighbours
Soldaterna har fått hålla till godo med det otillräckliga glasdunet.,Soldaterna har fått hålla till godo med det otillräckliga.,delete
Då har man kommit vid sidan om äktenskapets enligt bibeln primära 2 2 Primära = första. syfte.,Då har man kommit sidan vid om äktenskapets enligt bibeln primära 2 2 Primära = första. syfte.,flip_neighbours
Hur stora blir hyreshöjningarna efter hyresregleringens slopande?,Hur stora blir efter hyreshöjningarna hyresregleringens slopande?,flip_neighbours
"Det framgår, menar man, av Jesu förkunnelse och apostlarnas förmaningar i Nya Testamentet, utan att vara direkt utsagt.","Det framgår, menar man, av Jesu förkunnelse och apostlarnas förmaningar Nya i Testamentet, utan att vara direkt utsagt.",flip_neighbours
I Svenska kyrkans vigselritual formuleras detta i två ord:,I kyrkans Svenska vigselritual formuleras detta i två ord:,flip_neighbours
Detta område är geografiskt detsamma som regionplaneområdet (och landstingsområdet).,Detta är geografiskt detsamma som regionplaneområdet (och landstingsområdet).,delete
Av de 42 manliga deltagarna i samma åldersgrupp blev 36 sexuellt påverkade.,de 42 manliga deltagarna i samma åldersgrupp blev 36 sexuellt påverkade.,delete
"Anger svaret att Ni ' icke är gravid ' och urinprovet har inlämnats på grund av utebliven menstruation, bör Ni, om Ni känner Er frisk, kunna invänta nästa menstruationsperiod.","Anger svaret Ni ' icke är gravid ' och urinprovet har inlämnats på grund av utebliven menstruation, bör Ni, om Ni känner Er frisk, kunna invänta nästa menstruationsperiod.",delete
Man kan i detta sammanhang alltså tala om barnbrottslighet.,Man kan i sammanhang detta alltså tala om barnbrottslighet.,flip_neighbours
"Det gäller när du blir sjuk och söker läkare inom den offentliga öppna sjukvården (sjukhusläkare, provinsialläkare, jourläkare samt stadsdistriktsläkare under viss del av mottagningstiden).","Det gäller när du blir sjuk och söker läkare den offentliga öppna sjukvården (sjukhusläkare, provinsialläkare, jourläkare samt stadsdistriktsläkare under viss del av mottagningstiden).",delete
"Både inom Landsorganisationen och Arbetsgivarföreningen är man oroad över läget och planerar, var på sitt håll, att utreda frågan närmare.","Inom både Landsorganisationen och Arbetsgivarföreningen är man oroad över läget och planerar, var på sitt håll, att utreda frågan närmare.",flip_neighbours
Men onekligen typisk för köp- och slängtiden. ',Onekligen men typisk för köp- och slängtiden. ',flip_neighbours
Kommunalt grundavdrag kan avräknas även från inkomst i annan kommun än hemortskommunen.,Kommunalt grundavdrag kan avräknas även från inkomst i annan kommun hemortskommunen än.,flip_neighbours
Situationen i det senast beskrivna experimentet skiljer sig från det föregående genom att det som ska bedömas är mycket entydigt till sin karaktär.,Situationen i det senast beskrivna skiljer sig från det föregående genom att det som ska bedömas är mycket entydigt till sin karaktär.,delete
Det blir många transporter av stora och tunga anläggningsdelar.,Det blir många transporter av och stora tunga anläggningsdelar.,flip_neighbours
Och det hela är uträknat så att det jämnar ut sig i längden för alla parter.,Och det hela är uträknat så att det jämnar ut sig i för alla parter.,delete
Försäkringskassan kan nu ge dig bättre service,Försäkringskassan kan nu ge bättre dig service,flip_neighbours
"Om denna explosiva folkökning fortsätter, kommer jordens folkmängd att ha fördubblats några år in på 2000-talet, alltså på mindre än 40 år.","Om denna explosiva folkökning fortsätter, kommer jordens folkmängd att ha några år in på 2000-talet, alltså på mindre än 40 år.",delete
Den morgonpigga har sin temptopp tidigt och för andra kommer denna topp kanske först under förmiddagstimmarna eller senare på dagen.,Den har morgonpigga sin temptopp tidigt och för andra kommer denna topp kanske först under förmiddagstimmarna eller senare på dagen.,flip_neighbours
Vid resekostnads- och flyttningsersättning lämnas ansökan till arbetsförmedlingen innan resan anträds resp. flyttning sker vid starthjälp och bostadsvistelsebidrag innan anställningen tillträds vid utrustningsbidrag innan familjen flyttar.,Vid resekostnads- och flyttningsersättning lämnas ansökan till arbetsförmedlingen innan resan anträds resp. flyttning sker vid starthjälp bostadsvistelsebidrag och innan anställningen tillträds vid utrustningsbidrag innan familjen flyttar.,flip_neighbours
"Vi måste kolla om dubbelröstning skett, om de poströstande också röstat i vallokal.","Vi måste kolla om dubbelröstning, om de poströstande också röstat i vallokal.",delete
"Om de gör det, får de uppleva det andra motivet, lyckomotivet: de får genom varandra uppleva Guds kärlek.","Om de gör det, får de uppleva det andra motivet, lyckomotivet: de får genom varandra Guds uppleva kärlek.",flip_neighbours
Ända tills någon slagit på stora trumman i massmedia och ' skärrat upp ' en opinion.,Tills ända någon slagit på stora trumman i massmedia och ' skärrat upp ' en opinion.,flip_neighbours
På så sätt erhålls en kedjereaktion.,På så sätt en erhålls kedjereaktion.,flip_neighbours
"Vid båda dragningarna dessutom massor av andra vinster, på 100000, 25000, 10000, 5000 kr etc.","Vid båda dragningarna dessutom massor av andra vinster, 100000, 25000, 10000, 5000 kr etc.",delete
Det har sagts att det var lätt i vallokalen i år.,Det har sagts att det var lätt vallokalen i i år.,flip_neighbours
"De högtsmällande närstridsvapnen - granatgevär, pansarvärnskanon osv - är ganska unga på de svenska militärförbanden.","De högtsmällande närstridsvapnen - granatgevär, pansarvärnskanon osv - är ganska unga de på svenska militärförbanden.",flip_neighbours
Är hon ensam kan den egna modern eller en god väninna ofta vara henne och därmed också barnet till stor nytta.,Är hon ensam kan den egna modern eller en god väninna ofta vara henne och därmed också barnet stor nytta.,delete
Varje elev måste få möjlighet att göra det bästa möjliga av sina förutsättningar.,Varje måste elev få möjlighet att göra det bästa möjliga av sina förutsättningar.,flip_neighbours
"Men det betyder inte att man ser på äktenskapet som ett slags formell skyddsmur, inom vilken det inte uppstår etisk och religiös skuld kring det sexuella samlivet.","Men det inte att man ser på äktenskapet som ett slags formell skyddsmur, inom vilken det inte uppstår etisk och religiös skuld kring det sexuella samlivet.",delete
Ibland talar man om ' de fattiga länderna '.,Ibland talar man om ' de fattiga '.,delete
"En person som lämnat sitt hemland, där han på grund av sin härstamning, tillhörighet till viss samhällsgrupp eller politisk uppfattning eller eljest på grund av politiska förhållanden riskerar att berövas sin frihet eller dömas till straff kan få rätt till asyl.","En person som lämnat sitt hemland, där han på grund av sin härstamning, tillhörighet viss till samhällsgrupp eller politisk uppfattning eller eljest på grund av politiska förhållanden riskerar att berövas sin frihet eller dömas till straff kan få rätt till asyl.",flip_neighbours
Men vi andra skall allt göra det.,Men vi andra allt göra det.,delete
De undersöker allt de kommer åt och nu börjar en tid när man måste plocka undan allt som kan gå sönder eller skada dem.,De undersöker allt de åt kommer och nu börjar en tid när man måste plocka undan allt som kan gå sönder eller skada dem.,flip_neighbours
I södra Asien har nya högavkastande sorter av ris och vete börjat odlas på allt större arealer.,I Asien södra har nya högavkastande sorter av ris och vete börjat odlas på allt större arealer.,flip_neighbours
Världen har då en totalbefolkning på ca 7 miljarder.,Världen då en totalbefolkning på ca 7 miljarder.,delete
Försök att med endast kartans hjälp ge några exempel på länder med goda förutsättningar för produktion av vattenkraft?,Försök att med endast kartans hjälp ge några exempel på länder med goda förutsättningar för produktion vattenkraft?,delete
"Liksom hos andra måsfåglar, som häckar i täta kolonier, försvarar trutarna mycket små revir på häckningsplatsen.","Liksom hos andra måsfåglar, som häckar i täta kolonier, försvarar trutarna små mycket revir på häckningsplatsen.",flip_neighbours
"En minoritet ställde sig dock positiv till satsen, och lustigt nog var det något vanligare bland kvinnorna: 21 procent mot 18 procent bland männen.","En minoritet ställde sig dock positiv till satsen, och lustigt nog var det något vanligare bland kvinnorna: 21 mot 18 procent bland männen.",delete
"Systemet av utlösare, nyckelretningar, i det sociala beteendet innefattar bl.a. akustiska, optiska och kemiska signaler.","Systemet av utlösare, nyckelretningar, det sociala beteendet innefattar bl.a. akustiska, optiska och kemiska signaler.",delete
Riksdagen får rätt att besluta om misstroendeförklaring mot regeringen eller mot ett enskilt statsråd.,Riksdagen får rätt att besluta om misstroendeförklaring regeringen mot eller mot ett enskilt statsråd.,flip_neighbours
"Vi lever alltför mycket kvar i våra föreställningar om det gamla jordbrukarsamhället, där kvinnan hade att uppfostra en stor barnaskara och där hon som husmor fullgjorde stora och viktiga ekonomiska funktioner.","Vi lever alltför mycket kvar våra föreställningar om det gamla jordbrukarsamhället, där kvinnan hade att uppfostra en stor barnaskara och där hon som husmor fullgjorde stora och viktiga ekonomiska funktioner.",delete
Omkring 90 procent av bostadsbyggandet stöds genom statliga lån.,Omkring 90 procent av bostadsbyggandet stöds statliga lån.,delete
"En intressant detalj i beteendet är att ungarna pickar mot den vuxna trutens näbb, på vilket truten svarar med att mata ungen (fig. 24).","En intressant detalj i är att ungarna pickar mot den vuxna trutens näbb, på vilket truten svarar med att mata ungen (fig. 24).",delete
Du får dessutom en skattefri sparpremie på 5 % på det belopp som står inne den 31 december 1971.,får dessutom en skattefri sparpremie på 5 % på det belopp som står inne den 31 december 1971.,delete
Allteftersom borren äter sig ned i jorden dras borrör ner i hålet så att väggarna inte rasar igen.,Allteftersom borren äter sig ned i jorden dras ner borrör i hålet så att väggarna inte rasar igen.,flip_neighbours
"Dessa arter lever på lokaler, där vattnet är grumligt och sikten obetydlig.","Dessa arter lever på lokaler, där vattnet grumligt är och sikten obetydlig.",flip_neighbours
Den ' nya ' sexualmoralen har påverkat oss alla men samtidigt djupt oroat oss.,Den ' nya ' sexualmoralen har oss alla men samtidigt djupt oroat oss.,delete
Pappan är den ständige lille hemförbättraren med hammare och målarpensel.,Pappan är den ständige lille hemförbättraren med och målarpensel.,delete
Mest oroande är att synen på äktenskapet som samlevnadsform förändras i en riktning som ifrågasätter värdet av familjebildning och ansvarstagande i den form som i de flesta kulturer och under sekler varit allmänt rådande.,Mest oroande är att synen på äktenskapet som samlevnadsform förändras i en riktning som ifrågasätter värdet av familjebildning ansvarstagande i den form som i de flesta kulturer och under sekler varit allmänt rådande.,delete
Diagrammet ovan visar hur mycket världen satsar i tusental miljoner dollar per år till olika ändamål.,Diagrammet ovan visar hur mycket världen satsar tusental miljoner dollar per år till olika ändamål.,delete
"Doc. Bergman berättade om en egen upplevelse där hans dåvarande hund, en skotte, råkade i slagsmål med en annan hund.","Doc. Bergman om berättade en egen upplevelse där hans dåvarande hund, en skotte, råkade i slagsmål med en annan hund.",flip_neighbours
"Det är mest ensamstående unga och gamla som vill skaffa sig egna lägenheter, men också andra vill ha bättre utrymme.","Det är mest ensamstående unga och gamla som vill skaffa egna lägenheter, men också andra vill ha bättre utrymme.",delete
"Den blev, kan man säga, den nyckel, som öppnade dörren mot den industriella tidsåldern.","Den blev, kan man säga, den nyckel, som öppnade dörren mot industriella den tidsåldern.",flip_neighbours
"De stenkolsdrivna värmekraftverken är därför liksom järn- och stålverken i regel lokaliserade till brytningsområdena, t ex till de stora stenkolsdistrikten i England, Västtyskland, Polen och Sovjetunionen.","De stenkolsdrivna värmekraftverken är därför liksom järn- och stålverken i regel lokaliserade till brytningsområdena, t ex till de stora stenkolsdistrikten i England, Västtyskland, och Polen Sovjetunionen.",flip_neighbours
Men människorna vill ha mera bostäder.,Men vill ha mera bostäder.,delete
Eftersom de flesta arbeten som står de gifta kvinnorna till buds om de går ut i förvärvsarbete hör till de sämst betalda och minst attraktiva på arbetsmarknaden är detta ideal en realitet än i dag.,Eftersom de flesta arbeten som står de gifta kvinnorna till buds om de ut går i förvärvsarbete hör till de sämst betalda och minst attraktiva på arbetsmarknaden är detta ideal en realitet än i dag.,flip_neighbours
"Hur problemen konkret skall lösas är det orimligt att här försöka utreda, eftersom villkoren är så skiftande.","Hur problemen konkret skall lösas är det orimligt att här försöka utreda, villkoren eftersom är så skiftande.",flip_neighbours
"Du skall nämligen inte bara skaffa dig vissa kunskaper, du skall också lära dig leva ihop med dina kamrater och så småningom sammangjutas med dem till ett förband.","Skall du nämligen inte bara skaffa dig vissa kunskaper, du skall också lära dig leva ihop med dina kamrater och så småningom sammangjutas med dem till ett förband.",flip_neighbours
Man införde också en allmän hyresreglering.,Införde man också en allmän hyresreglering.,flip_neighbours
"Att värderingarna förändrats är helt säkert riktigt, och om någon förnekar det så låt oss jämföra vår reaktion inför upplysningen om att två ungdomar sammanbor med den vi skulle haft för tjugo år sedan.","Att värderingarna förändrats är helt säkert riktigt, och om någon förnekar det så låt oss jämföra vår reaktion inför upplysningen om att två ungdomar sammanbor med den vi haft skulle för tjugo år sedan.",flip_neighbours
Men ett av psykologins främsta mål bör vara att ta hänsyn till minoriteter.,Men ett av främsta psykologins mål bör vara att ta hänsyn till minoriteter.,flip_neighbours
Feldt framhöll att Sverige håller formen för samarbete med EEC öppen.,Feldt framhöll Sverige att håller formen för samarbete med EEC öppen.,flip_neighbours
"De nya rissorterna mognar snabbt, och på sina håll tar man två eller tre skördar om året.","De nya rissorterna mognar snabbt, och på håll sina tar man två eller tre skördar om året.",flip_neighbours
Också för utvecklingen av språket är det viktigt att vi jollrar och pratar med barnet.,Också för utvecklingen av språket är det viktigt att vi och jollrar pratar med barnet.,flip_neighbours
"Ett exempel: enbart i USA ökar BNP varje år med ett belopp, som är ungefär lika stort som den totala bruttonationalprodukten i hela Afrika eller Indien!","Ett exempel: enbart i USA ökar BNP varje år med ett belopp, som är ungefär lika stort som den totala bruttonationalprodukten i Afrika hela eller Indien!",flip_neighbours
Likaså söker man minska avdunstningen genom att belägga jordytan med någon porös hinna.,Likaså söker minska avdunstningen genom att belägga jordytan med någon porös hinna.,delete
Vi kan angripa auktoritetsproblemet i familjen från ännu en utgångspunkt.,kan angripa auktoritetsproblemet i familjen från ännu en utgångspunkt.,delete
"U-länderna använder 25 kronor per år och person till utbildning, industriländerna använder 500 kronor.","U-länderna använder 25 kronor år per och person till utbildning, industriländerna använder 500 kronor.",flip_neighbours
"Naturligt uran består till 0,7 % av U235.","Naturligt uran till består 0,7 % av U235.",flip_neighbours
