Question (Generative Setup),Answer (Generative Setup),Positive (Minimal Pairs Setup),Negative (Minimal Pairs Setup),Challenge Set
Vilka djur anar man i mossen när man misstänker att något är fel?,Ugglor,"När man misstänker att något är fel, anar man ugglor i mossen.","När man misstänker att något är fel, anar man råttor i mossen.",x
När en strängare ordning ska införas så ska det bli andra...,Bullar,När en strängare ordning ska införas så ska det bli andra bullar.,När en strängare ordning ska införas så ska det bli andra strängar.,x
När man blir utsatt för hämnd får man betalt för gammal...,Ost,När man blir utsatt för hämnd får man betalt för gammal ost.,När man blir utsatt för hämnd får man betalt för gammal kål.,x
När man blir kraftigt tillrättvisad får man sina fiskar...,Varma,När man blir kraftigt tillrättavisad får man sina fiskar varma.,När man blir kraftigt tillrättavisad får man sina fiskar heta.,x
När man når framgång utan ansträngning glider man fram på en...,Räkmacka,När man når framgång utan ansträngning glider man fram på en räkmacka.,När man når framgång utan ansträngning glider man fram på en pulka.,x
Hur avslutar man frasen som sägs för att påpeka att ett svar inte har någon som helst relevans för en fråga? Goddag...,Yxskaft,"Goddag yxskaft, det du säger har inget med saken att göra.","Goddag halmstrå, det du säger har inget med saken att göra.",x
När en sista detalj fulländar något så är den som grädde på...,Moset,När en sista detalj fulländar något så är den som grädde på moset.,När en sista detalj fulländar något så är den som grädde på tårtan.,x
När man fortsätter med något som man alltid har gjort utan hänsynstagande då går man på i...,Ullstrumporna,När man fortsätter med något som man alltid har gjort utan hänsynstagande då går man på i ullstrumporna.,När man fortsätter med något som man alltid har gjort utan hänsynstagande då går man på i kängorna.,x
När allt går helt smidigt och problemfritt då går det som på...,Räls,När allt går helt smidigt och problemfritt då går det som på räls.,När allt går helt smidigt och problemfritt då går det som på spåret.,
När allt går helt smidigt och problemfritt då går det som en...,Dans,När allt går helt smidigt och problemfritt då går det som en dans.,När allt går helt smidigt och problemfritt då går det som en fest.,
När allt går helt fel och verkar omöjligen kunna komma till rätta så är det som att dessa har gått i det.,Troll,När allt går helt fel och verkar omöjligen kunna komma till rätta så är det som att dessa har gått troll i.,När allt går helt fel och verkar omöjligen kunna komma till rätta så är det som att dessa har gått eld i.,x
När något går alldeles galet så går det åt...,Skogen ,När något går alldeles galet så går det åt skogen.,När något går alldeles galet så går det åt byxan.,x
En pinsam felsägning kallas också för en...,Groda,En pinsam felsägning kallas också för en groda.,En pinsam felsägning kallas också för en katt.,x
När man är tvungen att ödmjukt be om ursäkt så gör man en...,Pudel,När man är tvungen att ödmjukt be om ursäkt så gör man en pudel.,När man är tvungen att ödmjukt be om ursäkt så gör man en hund.,
När man avskedar en person ger man hen...,Sparken,När man avskedar en person ger man hen sparken.,När man avskedar en person ger man hen döden.,
En person som får växter att trivas har gröna...,Fingrar,En person som får växter att trivas har gröna fingrar.,En person som får växter att trivas har gröna tummar.,
När man håller på att bli utmattat av arbete går man på...,Knäna,När man håller på att bli utmattad av arbete går man på knäna.,När man håller på att bli utmattad av arbete går man på tandköttet.,x
Ett skämtsamt uttryck för att vara gravid är att ha vad för något i ugnen? ,Bulle,Ett skämtsamt uttryck för att vara gravid är att ha en bulle i ugnen.,Ett skämtsamt uttryck för att vara gravid är att ha ett bröd i ugnen.,
Vad har man oplockat när man har oavslutade affärer med någon?,Gås,Vad har man oplockat när man har oavslutade affärer med någon? Man har oplockat gås.,Vad har man oplockat när man har oavslutade affärer med någon? Man har oplockat kyckling.,
Vilken färg har strumporna man bär när man är avundsjuk?,Svarta,När man är avundsjuk bär man svarta strumpor.,När man är avundsjuk bär man gröna strumpor.,x
När man tycker att något saknar värde så hade man inte gett ett ruttet sådant för det.,Lingon,När man tycker att något saknar värde så hade man inte gett ett ruttet lingon för det.,När man tycker att något saknar värde så hade man inte gett ett ruttet äpple för det.,x
När det är den första som gör anspråk på begränsad resurs som är den som också får den är det först till den här som gäller. ,Kvarn,"När det är den första som gör anspråk på begränsad resurs som är den som också får den, är det först till kvarn som gäller.","När det är den första som gör anspråk på begränsad resurs som är den som också får den, är det först till skogen som gäller.",x
Om man är sysselsatt med många olika saker på samma gång så har man många av den här i elden.,Järn,Om man är sysselsatt med många olika saker på samma gång så har man många järn i elden.,Om man är sysselsatt med många olika saker på samma gång så har man många kol i elden.,
Vad har man bakom örat om man är listig och opålitlig?,Räv,Om man är listig och opålitlig har man en räv bakom örat.,Om man är listig och opålitlig har man en groda bakom örat.,x
"När man är helt lugn, vilken kroppsdel har man is i?",Magen,När man är helt lugn har man is i magen.,När man är helt lugn har man is i huvudet.,
När man inte har något att dölja har man rent mjöl i ,Påsen,När man inte har något att dölja har man rent mjöl i påsen.,När man inte har något att dölja har man rent mjöl i fickan.,x
När man är klumpig eller hjälplös så har man vadå för något mitt i handen?,Tummen,När man är klumpig eller hjälplös har man tummen mitt i handen.,När man är klumpig eller hjälplös har man fingret mitt i handen.,
En känslig fråga som man inte gärna talar om kallas för en het,Potatis,En känslig fråga som man inte gärna talar om kallas för en het potatis.,En känslig fråga som man inte gärna talar om kallas för en het soppa.,
När man har förverkat sina chanser har man satt sin sista...,Potatis,När man har förverkat sina chanser har man satt sin sista potatis.,När man har förverkat sina chanser har man satt sin sista kål.,x
Vad har man på näsan om man är bestämd och viljestark? ,Skinn,Om man är bestämd och viljestark har man skinn på näsan.,Om man är bestämd och viljestark har man hår på näsan.,
"Vad tar man sig ur när man hittar ett alternativt sätt att leva, för att man trots sina insatser länge förblivit på samma plats i livet, som på sitt jobb eller i sin vardag?",Ekorrhjulet,"När man hittar ett alternativt sätt att leva, för att man trots sina insatser länge förblivit på samma plats i livet, tar man sig ur ekorrhjulet.","När man hittar ett alternativt sätt att leva, för att man trots sina insatser länge förblivit på samma plats i livet, tar man sig ur hamsterhjulet.",x
Någon som är mycket hungrig är hungrig som en...,Varg,Någon som är mycket hungrig är hungrig som en varg.,Någon som är mycket hungrig är hungrig som en björn.,
Vad biter man i när man dör?,Gräset,När man dör biter man i gräset.,När man dör biter man i marken.,
När man är långsamt så drar man vadå för något efter sig?,Benen,När man är långsamt drar man benen efter sig.,När man är långsamt drar man fötterna efter sig.,
Om en person vid första anblick verkar dum men sedan imponerar med sin klokhet kan man säga att hen inte är född i...,Farstun,Om en person vid första anblick verkar dum men sedan imponerar med sin klokhet kan man säga att hen inte är född i farstun.,Om en person vid första anblick verkar dum men sedan imponerar med sin klokhet kan man säga att hen inte är född i sängen.,x
Om man på ett otrevligt sätt säger att någon ska vara tyst så säger man åt dem att hålla...,Käften,Om man på ett otrevligt sätt säger att någon ska vara tyst så säger man åt dem att hålla käften.,Om man på ett otrevligt sätt säger att någon ska vara tyst så säger man åt dem att hålla måttet.,
När något inte står rätt till så säger man att det ligger en sådan begraven.,Hund,När något inte står rätt till så säger man att det ligger en hund begraven.,När något inte står rätt till så säger man att det ligger en katt begraven.,
När det inte råder någon särskild fara så är det ingen sådan på isen.,Ko,När det inte råder någon särskild fara så är det ingen ko på isen.,När det inte råder någon särskild fara så är det ingen häst på isen.,x
När man inte skulle göra något för hur mycket pengar som helst så skulle man inte göra det för allt smör i...,Småland,När man inte skulle göra något för hur mycket pengar som helst så skulle man inte göra det för allt smör i Småland.,När man inte skulle göra något för hur mycket pengar som helst så skulle man inte göra det för allt smör i Skåne.,x
Om någon säger eller gör något som är helt dumt så har hen inte alla sådana hemma.,Hästar,Om någon säger eller gör något som är helt dumt så har hen inte alla hästar hemma.,Om någon säger eller gör något som är helt dumt så har hen inte alla kor hemma.,x
Om någon säger eller gör något som är helt dumt så har hen inte alla sådana i skåpet.,Koppar,Om någon säger eller gör något som är helt dumt så har hen inte alla koppar i skåpet.,Om någon säger eller gör något som är helt dumt så har hen inte alla tallrikar i skåpet.,
När man tittar snabbt och förstulet så kastar man ett så kallat...,Getöga,När man tittar snabbt och förstulet så kastar man ett getöga.,När man tittar snabbt och förstulet så kastar man ett rävöga.,x
När man ger upp så kastar man yxan i...,Sjön,När man ger upp så kastar man yxan i sjön.,När man ger upp så kastar man yxan i havet.,
När något är självklart och lätt att förstå så är det klart som...,Korvspad,När något är självklart och lätt att förstå så är det klart som korvspad.,När något är självklart och lätt att förstå så är det klart som vatten.,
När man skapar något av nästan ingenting så kokar man soppa på en...,Spik,När man skapar något av nästan ingenting så kokar man soppa på en spik.,När man skapar något av nästan ingenting så kokar man soppa på en kvist.,x
"När man tar en risk för att hjälpa någon ur en svår situation, vad krafsar man ur elden? ",Kastanjerna,"När man tar en risk för att hjälpa någon ur en svår situation, krafsar man kastanjerna ur elden.","När man tar en risk för att hjälpa någon ur en svår situation, krafsar man resterna ur elden.",
När man alltid gör motsatsen av vad alla andra uppfattar som självklart och vägrar ta andras råd så är man vadå för något mot strömmen?,Kärringen,"När man alltid gör motsatsen av vad alla andra uppfattar som självklart och vägrar ta andras råd, är man kärringen mot strömmen.","När man alltid gör motsatsen av vad alla andra uppfattar som självklart och vägrar ta andras råd, är man åsnen mot strömmen.",x
När man köper något utan att veta vad det verkligen är så köper man det här djuret i säcken. ,Grisen,"När man köper något utan att veta vad det verkligen är, köper man grisen i säcken.","När man köper något utan att veta vad det verkligen är, köper man katten i säcken.",
Om man spenderar mycket pengar på lyxprodukter lever man på stor...,Fot,Om man spenderar mycket pengar på lyxprodukter lever man på stor fot.,Om man spenderar mycket pengar på lyxprodukter lever man på stor väska.,
Om man har hemligheter som man försökt dölja så har man skelett i den här.,Garderoben,Om man har hemligheter som man försökt dölja så har man skelett i garderoben.,Om man har hemligheter som man försökt dölja så har man skelett i källaren.,
När någon kräks kan man även säga att hen lägger en...,Pizza,När någon kräks kan man även säga att hen lägger en pizza.,När någon kräks kan man även säga att hen lägger en gröt.,x
När alla i en grupp är påfallande lika så är de lika som...,Bär,När alla i en grupp är påfallande lika så är de lika som bär.,När alla i en grupp är påfallande lika så är de lika som ägg.,
När man lägger beslag på något kan man även säga att man lägger den här växten på det.,Rabarber,När man lägger beslag på något kan man även säga att man lägger rabarber på det.,När man lägger beslag på något kan man även säga att man lägger banan på det.,x
När man försämrar något lägger man lök på...,Laxen,När man försämrar något lägger man lök på laxen.,När man försämrar något lägger man lök på bullen.,x
Något som är mycket lätt att genomföra är lätt som en...,Plätt,Något som är mycket lätt att genomföra är lätt som en plätt.,Något som är mycket lätt att genomföra är lätt som en pannkaka.,x
Något stort och extraordinärt kan kallas för något i...,Hästväg,Något stort och extraordinärt kan kallas för något i hästväg.,Något stort och extraordinärt kan kallas för något i hagen.,x
När man gör något direkt och utan några omvägar så gör man det pang på...,Rödbetan,När man gör något direkt och utan några omvägar så gör man det pang på rödbetan.,När man gör något direkt och utan några omvägar så gör man det pang på geväret.,x
En person som man jobbar nära tillsammans med som en duo är ens...,Parhäst,En person som man jobbar nära tillsammans med som en duo är ens parhäst.,En person som man jobbar nära tillsammans med som en duo är ens parhund.,x
När man bara pratar strunt så pratar man...,Persilja,När man bara pratar strunt så pratar man persilja.,När man bara pratar strunt så pratar man koriander.,x
Den verkliga innebörden i något är dennes kärna.,Pudelns,Den verkliga innebörden i något är pudelns kärna.,Den verkliga innebörden i något är hundens kärna.,
Någon som blir ertappad på bar gärning blir ertappad med fingrarna i,Kakburken,Någon som blir ertappad på bar gärning blir ertappad med fingrarna i kakburken.,Någon som blir ertappad på bar gärning blir ertappad med fingrarna i gröten.,
Om man inte gör någonting trots att man borde så sitter man med armarna i... ,Kors,Om man inte gör någonting trots att man borde så sitter man med armarna i kors.,Om man inte gör någonting trots att man borde så sitter man med armarna i byxorna.,
När man behandlar någon på ett milt och varsamt sätt så behandlar man hen med...,Silkesvantar,När man behandlar någon på ett milt och varsamt sätt så behandlar man hen med silkesvantar.,När man behandlar någon på ett milt och varsamt sätt så behandlar man hen med guldkant.,
Att stoppa något innan det går för långt är att mota vem då i  grind?,Olle,Att stoppa något innan det går för långt är att mota Olle i grind.,Att stoppa något innan det går för långt är att mota oxen i grind.,x
När man förväntar sig att det värsta kommer att ske målar man vad på väggen?,Fan,När man förväntar sig att det värsta kommer att ske målar man fan på väggen.,När man förväntar sig att det värsta kommer att ske målar man Gud på väggen.,
Att ta hand om någon eller något som sedan vänder sig emot dig är att nära en orm vid sin...,Barm,Att ta hand om någon eller något som sedan vänder sig emot dig är att nära en orm vid sin barm.,Att ta hand om någon eller något som sedan vänder sig emot dig är att nära en orm vid sin bo.,
Ett nederlag med stora konsekvenser innebär att man möter sitt...,Waterloo,Ett nederlag med stora konsekvenser innebär att man möter sitt Waterloo.,Ett nederlag med stora konsekvenser innebär att man möter sitt nederlag.,
Om man ägnar sig åt sina egna privata intressen så odlar man sin...,Kål,Om man ägnar sig åt sina egna privata intressen så odlar man sin kål.,Om man ägnar sig åt sina egna privata intressen så odlar man sin sallad.,x
När man bara pratar strunt så pratar man i vilket plagg? ,Nattmössan,När man bara pratar strunt så pratar man i nattmössan.,När man bara pratar strunt så pratar man i nattlinnen.,x
Om man bestämmer något utan noggrannare bedömning så bestäms det på en...,Höft,Om man bestämmer något utan noggrannare bedömning så bestäms det på en höft.,Om man bestämmer något utan noggrannare bedömning så bestäms det på en mage.,
När något är träffande likt så är det på...,Kornet,När något är träffande likt så är det på kornet.,När något är träffande likt så är det på spegeln.,
När något görs utan förberedelse så görs det på rak...,Arm,När något görs utan förberedelse så görs det på rak arm.,När något görs utan förberedelse så görs det på rak ben.,
När något är på snedden så är det på...,Trekvart,När något är på snedden så är det på trekvart.,När något är på snedden så är det på spiken.,
Någon som är väldigt rik är rik som ett...,Troll,Någon som är väldigt rik är rik som ett troll.,Någon som är väldigt rik är rik som ett kungabarn.,x
När man inte har något att göra så rullar man...,Tummarna,När man inte har något att göra så rullar man tummarna.,När man inte har något att göra så rullar man fingrarna.,
När man ger upp och låter andra ta över så rymmer man...,Fältet,När man ger upp och låter andra ta över så rymmer man fältet.,När man ger upp och låter andra ta över så rymmer man staden.,
Ett genomgående tema är en tråd i vilket färg?,Röd,Ett genomgående tema är en röd tråd.,Ett genomgående tema är en svart tråd.,
När man uppmanar någon att ta det lugnt så säger man sakta i...,Backarna,När man uppmanar någon att ta det lugnt så säger man sakta i backarna.,När man uppmanar någon att ta det lugnt så säger man sakta i vägarna.,x
När man är utsatt för en livsfara ser man döden i...,Vitögat,När man är utsatt för en livsfara ser man döden i vitögat.,När man är utsatt för en livsfara ser man döden i ansiktet.,
Om man har samma problem och ska samarbeta för att ta sig ur det så sitter man i samma...,Båt,Om man har samma problem och ska samarbeta för att ta sig ur det så sitter man i samma båt.,Om man har samma problem och ska samarbeta för att ta sig ur det så sitter man i samma bil.,
Något som sitter alltför snävt om kroppen sitter som ett...,Korvskinn,Något som sitter alltför snävt om kroppen sitter som ett korvskinn.,Något som sitter alltför snävt om kroppen sitter som ett bälte.,
När man skakar hastigt t.ex. av kyla eller rädsla då darrar man som ett...,Asplöv,När man skakar hastigt t.ex. . av kyla eller rädsla då darrar man som ett asplöv.,När man skakar hastigt t.ex. . av kyla eller rädsla då darrar man som ett rep.,x
När man prickar rätt med det man säger så slår man huvudet på...,Spiken,När man prickar rätt med det man säger så slår man huvudet på spiken. ,När man prickar rätt med det man säger så slår man huvudet på knappen. ,
Om man tänkt stödja sin egen ståndpunkt men råkar göra motsatsen så skjuter man sig själv i...,Foten,Om man tänkt stödja sin egen ståndpunkt men råkar göra motsatsen så skjuter man sig själv i foten.,Om man tänkt stödja sin egen ståndpunkt men råkar göra motsatsen så skjuter man sig själv i huvudet.,
"När man arbetar ihop, ska gifta sig eller flytta ihop så slår man sina dessa ihop.",Påsar,"När man arbetar ihop, ska gifta sig eller flytta ihop så slår man sina påsar ihop.","När man arbetar ihop, ska gifta sig eller flytta ihop så slår man sina liv ihop.",
Om man uppnår två syften med samma handling då slår man två av vadå för något i en smäll?,Flugor,Om man uppnår två syften med samma handling då slår man två flugor i en smäll.,Om man uppnår två syften med samma handling då slår man två myggor i en smäll.,
En detalj som innebär inskränkning i någons glädje är smolk i...,Glädjebägaren,En detalj som innebär inskränkning i någons glädje är smolk i glädjebägaren.,En detalj som innebär inskränkning i någons glädje är smolk i nöjesparken.,x
Ett missförstånd eller oenighet mellan två personer är smolk i,Mjölken,Ett missförstånd eller oenighet mellan två personer är smolk i mjölken.,Ett missförstånd eller oenighet mellan två personer är smolk i kaffet.,x
Något som inträffar helt oväntat slår ner som en sådan från klar himmel. ,Blixt,Något som inträffar helt oväntat slår som en blixt ner från klar himmel.,Något som inträffar helt oväntat slår som ett inslag ner från klar himmel.,
När det är ordnat eller färdigt säger man att saken är...,Biff,När det är ordnat eller färdigt säger man att saken är biff.,När det är ordnat eller färdigt säger man att saken är korv.,x
Att visa sitt ogillande kallas också för att rynka på...,Näsan,Att visa sitt ogillande kallas också för att rynka på näsan.,Att visa sitt ogillande kallas också för att rynka på munnen.,
Om man vill säga att det inte räcker att nästan lyckas kan man säga att nära skuter ingen...,Hare,Om man vill säga att det inte räcker att nästan lyckas kan man säga att nära skjuter ingen hare.,Om man vill säga att det inte räcker att nästan lyckas kan man säga att nära skjuter ingen älg.,
När man inte blir nöjd då passar inte...,Galoscherna,När man inte blir nöjd då passar inte galoscherna.,När man inte blir nöjd då passar inte handskarna.,x
När något börjar verka riskabelt då osar det vilket djur då?,Katt,När något börjar verka riskabelt då osar det katt.,När något börjar verka riskabelt då osar det varg.,x
Om man vill uttrycka sin protest eller negativa inställning till att göra något säger man att det bara kan hända när vadå för något fryser till is?,Helvetet,Om man vill uttrycka sin protest eller negativa inställning till att göra något säger man att det bara kan hända när helvetet fryser till is.,Om man vill uttrycka sin protest eller negativa inställning till att göra något säger man att det bara kan hända när havet fryser till is.,
När man fått en jättestor summa pengar så gör man det här hela vägen till banken.,Skratta,När man fått en jättestor summa pengar så skrattar man hela vägen till banken.,När man fått en jättestor summa pengar så springer man hela vägen till banken.,
Någon som avbryter alla förbindelser river alla dessa bakom sig.,Broar,Någon som avbryter alla förbindelser river alla broar bakom sig.,Någon som avbryter alla förbindelser river alla väger bakom sig.,
Någon som har för mycket energi beter sig som den här karaktären.  ,Duracellkanin,Någon som har för mycket energi beter sig som en Duracellkanin.,Någon som har för mycket energi beter sig som en ekorre.,
Om man vinner överlägset sopar man...,Banan,Om man vinner överlägset sopar man banan.,Om man vinner överlägset sopar man fältet.,
När man sover mycket djupt sover man som en...,Stock,När man sover mycket djupt sover man som en stock.,När man sover mycket djupt sover man som en sten.,
Om man gör något i fel ordning så spänner man vad bakom vagnen?,Hästarna,Om man gör något i fel ordning så spänner man hästarna bakom vagnen.,Om man gör något i fel ordning så spänner man oxen bakom vagnen.,
Någon som uppskattas intensivt under en kortare period för att sedan överges när vardagen tar vid kan kallas för en...,Sommarkatt,Någon som uppskattas intensivt under en kortare period för att sedan överges när vardagen tar vid kan kallas för en sommarkatt.,Någon som uppskattas intensivt under en kortare period för att sedan överges när vardagen tar vid kan kallas för en julkatt.,x
När något försvinner väldigt snabbt så går det åt som smör i... ,Solsken,När något försvinner väldigt snabbt så går det åt som smör i solsken.,När något försvinner väldigt snabbt så går det åt som smör i pannan.,
Något som är mycket obetydligt är som sparven i...,Tranedansen,Något som är mycket obetydligt är som sparven i tranedansen.,Något som är mycket obetydligt är som sparven i djurparken.,x
När man förbereder sig för en ny insats spottar man i...,Nävarna,När man förbereder sig för en ny insats spottar man i nävarna.,När man förbereder sig för en ny insats spottar man i ån.,
Att elda så man slösar på värme kan kallas för att elda för...,Kråkorna,Att elda så man slösar på värme kan kallas för att elda för kråkorna.,Att elda så man slösar på värme kan kallas för att elda för jäveln.,x
När något är helt meningslöst så är det som att slå vatten på en...,Gås,När något är helt meningslöst så är det som att slå vatten på en gås.,När något är helt meningslöst så är det som att slå vatten på en anka.,x
När man gör en meningslös åtgärd då spiller man krut på döda...,Kråkor ,När man gör en meningslös åtgärd då spiller man krut på döda kråkor.,När man gör en meningslös åtgärd då spiller man krut på döda fiskar.,x
När man bevisar något vedertaget så är det som att slå in öppna...,Dörrar,När man bevisar något vedertaget så är det som att slå in öppna dörrar.,När man bevisar något vedertaget så är det som att slå in öppna fönster.,
Att blunda för verkligheten är att sticka huvudet i...,Sanden,Att blunda för verkligheten är att sticka huvudet i sanden.,Att blunda för verkligheten är att sticka huvudet i marken.,
Något som irriterar genom att vara alltför märkbart gör detta i ögonen på folk. ,Sticka,Något som irriterar genom att vara alltför märkbart sticker i ögonen på folk.,Något som irriterar genom att vara alltför märkbart hopper i ögonen på folk.,
Något som kommer att inträffa helt säkert kommer som ett brev på...,Posten,Något som kommer att inträffa helt säkert kommer som ett brev på posten.,Något som kommer att inträffa helt säkert kommer som ett brev på brevlådan.,x
Någon som är väldigt stolt är stolt som en...,Tupp,Någon som är väldigt stolt är stolt som en tupp.,Någon som är väldigt stolt är stolt som en hjort.,x
När man slutar kriga sticker man svärdet i...,Skidan,När man slutar kriga sticker man svärdet i skidan.,När man slutar kriga sticker man svärdet i sanden.,
Ätt dölja undanhålla eller dölja något kan även uttryckas som att man inte ska sticka under vadå för något med? ,Stol,Att undanhålla eller dölja något kan även uttryckas som att man inte ska sticka under stol med det.,Att undanhålla eller dölja något kan även uttryckas som att man inte ska sticka under bord med det.,
När man vågar säga sin sak även om man riskerar motstånd så sticker man ut...,Hakan,När man vågar säga sin sak även om man riskerar motstånd så sticker man ut hakan.,När man vågar säga sin sak även om man riskerar motstånd så sticker man ut näsan.,
En stor oro för något som inte kräver det är en storm i ett...,Vattenglas,En stor oro för något som inte kräver det är en storm i ett vattenglas.,En stor oro för något som inte kräver det är en storm i ett teglas.,
En mäktig person i arbetslivet är en...,Storpotatis,En mäktig person i arbetslivet är en storpotatis.,En mäktig person i arbetslivet är en mammut.,x
Ett oväntad hinder är ett vadå för något i räkningen?,Streck,Ett oväntat hinder är ett streck i räkningen.,Ett oväntat hinder är ett kryss i räkningen.,
När man slutar göra motstånd då stryker man på...,Foten,När man slutar göra motstånd då stryker man på foten.,När man slutar göra motstånd då stryker man på handen.,
När man betalar åt alla står man för vilka instrument? ,Fiolerna,När man betalar åt alla står man för fiolerna.,När man betalar åt alla står man för oboerna.,x
Någon som är helt fattig står på bar...,Backe,Någon som är helt fattig står på bar backe.,Någon som är helt fattig står på bar mark.,x
När man kommer bra överens med någon står man på god vadå för något med hen?,Fot,När man kommer bra överens med någon står man på god fot med hen.,När man kommer bra överens med någon står man på gott humör med hen.,
När man står i valet mellan två alternativ som båda verkar attraktiva då står man som vilket djur då mellan två hötappar?,Åsna,När man står i valet mellan två alternativ som båda verkar attraktiva då står man som en åsna mellan två hötappar.,När man står i valet mellan två alternativ som båda verkar attraktiva då står man som en häst mellan två hötappar.,
När man konfronterar någon på ett sådant sätt så att det inte går att slingra sig undan då ställer man hen mot...,Väggen,När man konfronterar någon på ett sådant sätt så att det inte går att slingra sig undan då ställer man hen mot väggen.,När man konfronterar någon på ett sådant sätt så att det inte går att slingra sig undan då ställer man hen mot vägen.,
Slutsatsen från en lång rad händelser eller argument är summan av...,Kardemumman,Slutsatsen från en lång rad händelser eller argument är summan av kardemumman.,Slutsatsen från en lång rad händelser eller argument är summan av soppan.,x
När man tål mycket mer alkohol än någon annan då kan man dricka hen under...,Bordet,När man tål mycket mer alkohol än någon annan då kan man dricka hen under bordet.,När man tål mycket mer alkohol än någon annan då kan man dricka hen under sängen.,
När något växer mycket intensivt då växer det så det...,Knakar,När något växer mycket intensivt då växer det så det knakar.,När något växer mycket intensivt då växer det så det syns.,
När man har det knappt och måste leva sparsamt så suger man på...,Ramarna,När man har det knappt och måste leva sparsamt så suger man på ramarna.,När man har det knappt och måste leva sparsamt så suger man på trädet.,
När man tar ut något i förskott säljer man skinnet innan vilket djur är skjuten? ,Björnen,När man tar ut något i förskott säljer man skinnet innan björnen är skjuten.,När man tar ut något i förskott säljer man skinnet innan haren är skjuten.,
När man ramlar hårt då slår man en...,Rova,När man ramlar då slår man en rova.,När man ramlar då slår man en potatis.,
När det inte går att fastställa eller definiera något då kan man inte sätta vad på det?,Fingret,När det inte går att fastställa eller definiera något då kan man inte sätta fingret på det.,När det inte går att fastställa eller definiera något då kan man inte sätta kniven på det.,
När man ger någon konstiga och kanske felaktiga idéer sätter man vadå för något i huvudet på hen?,Griller,När man ger någon konstiga och kanske felaktiga idéer sätter man griller i huvudet på hen,När man ger någon konstiga och kanske felaktiga idéer sätter man myr i huvudet på hen,x
När man hindrar någon från att genomföra hens planer då sätter man vadå för något i hjulet för dem?,Käppar,När man hindrar någon från att genomföra hens planer då sätter man käppar i hjulet för dem.,När man hindrar någon från att genomföra hens planer då sätter man sand i hjulet för dem.,
Någon som beter sig stolt och överlägset sätter vadå för något i vädret?,Näsan,Någon som beter sig stolt och överlägset sätter näsan i vädret.,Någon som beter sig stolt och överlägset sätter fingret i vädret.,
När man gör motstand då sätter man sig på...,Bakhasorna,När man gör motstånd då sätter man sig på bakhasorna.,När man gör motstånd då sätter man sig på bakhovarna.,
När man är blygsam och döljer sina förmågor då sätter man sitt ljus under...,Skäppan,När man är blygsam och döljer sina förmågor då sätter man sitt ljus under skäppan.,När man är blygsam och döljer sina förmågor då sätter man sitt ljus under skuggan.,
När man anstränger sig sitt yttersta så kan man också säga att man sätter till alla... ,Klutar,När man anstränger sig sitt yttersta så kan man också säga att man sätter till alla klutar.,När man anstränger sig sitt yttersta så kan man också säga att man sätter till alla hästar.,
När man bedömer något att vara sant så är det att ta något för...,Kontant,När man bedömer något att vara sant så är det att ta något för kontant.,När man bedömer något att vara sant så är det att ta något för myntan.,
När man blir kraftigt överraskad då blir man tagen på... ,Sängen,När man blir kraftigt överraskad då blir man tagen på sängen.,När man blir kraftigt överraskad då blir man tagen på morgonen.,
När man bestraffar någon i form av skarp tillrättavisning då tar man hen i...,Kragen,När man bestraffar någon i form av skarp tillrättavisning då tar man hen i kragen.,När man bestraffar någon i form av skarp tillrättavisning då tar man hen i halsen.,
Någon som talar i pedantiskt väl övervägda ord talar som en...,Bok ,Någon som talar i pedantiskt väl övervägda ord talar som en bok.,Någon som talar i pedantiskt väl övervägda ord talar som en tigning.,
När man säger vad man tycker då talar man ur...,Skägget,När man säger vad man tycker då talar man ur skägget.,När man säger vad man tycker då talar man ur magen.,
Något som man inte skulle tro okritiskt skulle man ta med en nypa...,Salt,Något som man inte skulle tro okritiskt skulle man ta med en nypa salt.,Något som man inte skulle tro okritiskt skulle man ta med en nypa peppar.,
Något som väcker stark förtjusning från första stund tar publiken med...,Storm,Något som väcker stark förtjusning från första stund tar publiken med storm.,Något som väcker stark förtjusning från första stund tar publiken med skratt.,
Något som gör att man tappar motivationen eller blir trött suger vad för något ur en?,Musten,Något som gör att man tappar motivationen eller blir trött suger musten ur en.,Något som gör att man tappar motivationen eller blir trött suger saltet ur en.,x
När man gör något och ignorerar att det kan ha negativa konsekvenser då tar man det med en...,Klackspark,När man gör något och ignorerar att det kan ha negativa konsekvenser då tar man det med en klackspark.,När man gör något och ignorerar att det kan ha negativa konsekvenser då tar man det med en dans.,x
Om man köper något på kredit då tar man det på...,Krita,Om man köper något på kredit då tar man det på krita.,Om man köper något på kredit då tar man det på papper.,
När något inte längre är aktuellt så är det den snö som föll i... ,Fjol,När något inte längre är aktuellt så är det den snö som föll i fjol.,När något inte längre är aktuellt så är det den snö som föll i vintern.,
När man skärper sig då tar man sig i...,Kragen,När man skärper sig då tar man sig i kragen.,När man skärper sig då tar man sig i skorna.,
När man lyckas ta sig ur en farlig situation utan förlust då kan man ta sin vem då ur skolan? ,Mats,När man lyckas ta sig ur en farlig situation utan förlust då kan man ta sin Mats ur skolan.,När man lyckas ta sig ur en farlig situation utan förlust då kan man ta sin kille ur skolan.,x
Om något har tydlig verkan så kan man säga att det tar...,Skruv,Om något har tydlig verkan så kan man säga att det tar skruv.,Om något har tydlig verkan så kan man säga att det tar fart.,
Om man har mycket dålig handstil då skriver man som en...,Kråka,Om man har mycket dålig handstil då skriver man som en kråka.,Om man har mycket dålig handstil då skriver man som en gubbe.,x
Om man jämför saker som inte är jämförbara då jämför man äpplen och...,Päron,Om man jämför saker som inte är jämförbara då jämför man äpplen och päron.,Om man jämför saker som inte är jämförbara då jämför man äpplen och apelsiner.,
När man tar sig an en uppgift man inte är kapabel till då tar man sig vad över huvudet? ,Vatten,När man tar sig an en uppgift man inte är kapabel till då tar man sig vatten över huvudet.,När man tar sig an en uppgift man inte är kapabel till då tar man sig mössan över huvudet.,
När man löser ett besvärligt problem fast man egentligen inte vill då tar man tjuren vid,Hornen,När man löser ett besvärligt problem fast man egentligen inte vill då tar man tjuren vid hornen.,När man löser ett besvärligt problem fast man egentligen inte vill då tar man tjuren vid svansen.,
När man förenar sig med angriparna på ett opportunistiskt sätt då tjuter man med ,"Vargarna, Ulvarna",När man förenar sig med angriparna på ett opportunistiskt sätt då tjuter man med vargarna.,När man förenar sig med angriparna på ett opportunistiskt sätt då tjuter man med hunderna.,
När man är erfaren och mogen då är man vad bakom öronen? ,Torr,När man är erfaren och mogen då är man torr bakom öronen.,När man är erfaren och mogen då är man grön bakom öronen.,
När man är taktlös och gör ett pinsamt misstag då trampar man i ,Klaveret,När man är taktlös och gör ett pinsamt misstag då trampar man i klaveret.,När man är taktlös och gör ett pinsamt misstag då trampar man i kakan.,
När man gör något som verkar omöjligt då trollar man med ,Knäna,När man gör något som verkar omöjligt då trollar man med knäna.,När man gör något som verkar omöjligt då trollar man med fingrarna.,
En överdrivet offentligt förälskat person i ett kärlekspar kallas för en ,Turturduva,En överdrivet offentligt förälskad person i ett kärlekspar kallas för en turturduva.,En överdrivet offentligt förälskad person i ett kärlekspar kallas för en pussgås.,
Om man kommer från en dålig situation i en ännu värre situation då kommer man ur askan i ,Elden,Om man kommer från en dålig situation i en ännu värre situation då kommer man ur askan i elden.,Om man kommer från en dålig situation i en ännu värre situation då kommer man ur askan i regnet.,
Något som är en egen uppfinning kommer ur egen,Fatabur,Något som är en egen uppfinning kommer ur egen fatabur.,Något som är en egen uppfinning kommer ur eget stall.,x
Om man tänker på ett okonventionellt sätt då tänker man utanför,"Ramarna, Boxen",Om man tänker på ett okonventionellt sätt då tänker man utanför ramarna.,Om man tänker på ett okonventionellt sätt då tänker man utanför huvudet.,
När man påbörjar dagen med dåligt humör utan att riktigt veta varför då har man vaknat på fel,Sida ,När man påbörjar dagen med dåligt humör utan att riktigt veta varför då har man vaknat på fel sida.,När man påbörjar dagen med dåligt humör utan att riktigt veta varför då har man vaknat på fel ben.,
Om man måste vara försiktig med vad man säger måste man vakta sin ,Tunga,Om man måste vara försiktig med vad man säger måste man vakta sin tunga.,Om man måste vara försiktig med vad man säger måste man vakta sin mun.,
När den ene är inte bättre än den andre då är de lika goda ,Kålsupare,När den ene inte är bättre än den andre då är de lika goda kålsupare.,När den ene inte är bättre än den andre då är de lika goda gubbar.,x
När man är på ett område som man verkligen känner väl då är man på vems gata? ,"Mammas, Egen ",När man är på ett område som man verkligen känner väl då är man på mammas gata.,När man är på ett område som man verkligen känner väl då är man på pappas gata.,
Något som precis är föremål för diskussion är på ,Tapeten,Något som precis är föremål för diskussion är på tapeten.,Något som precis är föremål för diskussion är på bordet.,
Någon som är helt besegrat är slagen till ,Slant,Någon som är helt besegrad är slagen till slant.,Någon som är helt besegrad är slagen till ruin.,
Någon som är uppe tidigt på morgonen är uppe med ,Tuppen,Någon som är uppe tidigt på morgonen är uppe med tuppen.,Någon som är uppe tidigt på morgonen är uppe med posten.,
Om man har helt missuppfattad något då är man ute och ,Cyklar,Om man har helt missuppfattat något då är man ute och cyklar.,Om man har helt missuppfattat något då är man ute och springer.,x
När man vet var problemet ligger då vet man var skon ,Klämmer,När man vet var problemet ligger då vet man var skon klämmer.,När man vet var problemet ligger då vet man var skon skaver.,
När man anar nya möjligheter t.ex. för ekonomisk eller politisk verksamhet då vädrar man ,Morgonluft,När man anar nya möjligheter t.ex. . för ekonomisk eller politisk verksamhet då vädrar man morgonluft.,När man anar nya möjligheter t.ex. . för ekonomisk eller politisk verksamhet då vädrar man våren.,
När man alltid vänder sina åsikter efter rådande opinion då vänder man vad efter vinden? ,Kappan,När man alltid vänder sina åsikter efter rådande opinion då vänder man kappan efter vinden.,När man alltid vänder sina åsikter efter rådande opinion då vänder man flaggan efter vinden.,
Om man letar överallt efter en lösning då vänder man på varje,Sten,Om man letar överallt efter en lösning då vänder man på varje sten.,Om man letar överallt efter en lösning då vänder man på varje löv.,
När man är väldigt sparsamt och försiktig med utgifterna då vänder man på ,Slantarna,När man är väldigt sparsam och försiktig med utgifterna då vänder man på slantarna.,När man är väldigt sparsam och försiktig med utgifterna då vänder man på kvist.,
Någon som är helt förvirrad är yr i ,Mössan,Någon som är helt förvirrad är yr i mössan.,Någon som är helt förvirrad är yr i hatten.,x
När man inte försöker att nå ytterligare framgångar då vilar man på,"Lagrarna, Laurens ",När man inte försöker att nå ytterligare framgångar då vilar man på lagrarna.,När man inte försöker att nå ytterligare framgångar då vilar man på rosorna.,
När man klarar en uppgift som är viktig för framgången då består man ett,Eldprov,När man klarar en uppgift som är viktig för framgången då består man ett eldprov,När man klarar en uppgift som är viktig för framgången då består man ett vattenprov,
När man blir lurad på något värdefullt då blir man snuvat på,Konfekten,När man blir lurad på något värdefullt då blir man snuvad på konfekten.,När man blir lurad på något värdefullt då blir man snuvad på tårtan.,x
När man låtsas göra en sak men gör något annat då ber man för sin sjuka,Mor,När man låtsas göra en sak men gör något annat då ber man för sin sjuka mor.,När man låtsas göra en sak men gör något annat då ber man för sin sjuka fru.,
När man försöker komma överens trots meningsskillnader då bygger man,Broar,När man försöker komma överens trots meningsskillnader då bygger man broar.,När man försöker komma överens trots meningsskillnader då bygger man hus.,
När man får sparken utan motivering så är det ett avsked på papper i vilket färg?,Grått,När man får sparken utan motivering så är det ett avsked på grått papper.,När man får sparken utan motivering så är det ett avsked på svart papper.,
Någon som tränger sig fram utan hänsyn till andra har vassa,Armbågar,Någon som tränger sig fram utan hänsyn till andra har vassa armbågar.,Någon som tränger sig fram utan hänsyn till andra har vassa knä.,
Ett uttryck för att sprida information alldeles för högljutt är at … ut.,Basunera,Ett uttryck för att sprida information alldeles för högljutt är att basunera ut.,Ett uttryck för att sprida information alldeles för högljutt är att trompeta ut.,
När man går till fots använder man vilka djur eller fordon? ,Apostlahästarna,När man går till fots använder man apostlahästarna.,När man går till fots använder man människoben.,
När allt kan händer säger man också att bollen är ,Rund,När allt kan hända säger man också att bollen är rund.,När allt kan hända säger man också att bollen är snabb.,
Ett uttryck för att duka fram mycket mat eller dryck är att … upp.,Bulla,Ett uttryck för att duka fram mycket mat eller dryck är att bulla upp.,Ett uttryck för att duka fram mycket mat eller dryck är att kaka upp.,x
Någon som alltid gör vad någon annan vill dansar efter hens ,Pipa,Någon som alltid gör vad någon annan vill dansar efter hens pipa.,Någon som alltid gör vad någon annan vill dansar efter hens röst.,
Att begära penning och rikdom kallas också för dansen runt,Guldkalven,Att begära pengar och rikedom kallas också för dansen runt guldkalven.,Att begära pengar och rikedom kallas också för dansen runt guldoxen.,
När något eller någon åter är där det började är vad sluten? ,Cirkeln,När något eller någon åter är där det började är cirkeln sluten.,När något eller någon åter är där det började är ringen sluten.,
När man dör drar man sin sista,Suck,När man dör drar man sin sista suck. ,När man dör drar man sin sista vift. ,
Hela poängen av något kallas även för det fina i ,Kråksången,Hela poängen av något kallas även för det fina i kråksången.,Hela poängen av något kallas även för det fina i duvboet.,x
När man får bevis för något som har varit uppenbart och omtalats då bär man syn för ,Sägen,När man får bevis för något som har varit uppenbart och omtalats då bär man syn för sägen.,När man får bevis för något som har varit uppenbart och omtalats då bär man syn för sagan.,x
När man inte använda minsta våld då krökar man inte ett hår på någons,Huvud,När man inte använder minsta våld då kröker man inte ett hår på någons huvud.,När man inte använder minsta våld då kröker man inte ett hår på någons päls.,
Något som stresser någon under en längre period ger hen grå ,Hår,Något som stressar någon under en längre period ger hen grå hår.,Något som stressar någon under en längre period ger hen grå skägg.,
Det enda som ska lösa alla problem är det allena,Saliggörande,Det enda som ska lösa alla problem är det allena saliggörande.,Det enda som ska lösa alla problem är det allena frälsande.,
När det inte spelar någon roll vilket alternativ man väljer är det hugget som ,Stucket,När det inte spelar någon roll vilket alternativ man väljer är det hugget som stucket.,När det inte spelar någon roll vilket alternativ man väljer är det hugget som hållit.,
När man börjar leva under knappare ekonomiska förhållanden då drar man åt ,Svångremmen,När man börjar leva under knappare ekonomiska förhållanden då drar man åt svångremmen.,När man börjar leva under knappare ekonomiska förhållanden då drar man åt bältet.,
När man anar oråd och blir försiktig då drar man vad åt sig? ,Öronen,När man anar oråd och blir försiktig då drar man öronen åt sig.,När man anar oråd och blir försiktig då drar man benen åt sig.,
När en fråga är kontroversiell och inte har ett allmänt accepterat svar säger man: Därom tvistar de ,Lärde,När en fråga är kontroversiell och inte har ett allmänt accepterat svar säger man: Därom tvistar de lärde. ,När en fråga är kontroversiell och inte har ett allmänt accepterat svar säger man: Därom tvistar de vise. ,
En hämmande faktor är en vad om foten? ,Black,En hämmande faktor är en black om foten.,En hämmande faktor är en sten om foten.,
En särskild merit är en vad i hatten? ,Fjäder,En särskild merit är en fjäder i hatten.,En särskild merit är ett band i hatten.,
En mycket ond människa kan kallas för ett hår av,Hin,En mycket ond människa kan kallas för ett hår av Hin.,En mycket ond människa kan kallas för ett hår av jäveln.,x
När man skaffar fördelar genom att utnyttja förvirring eller stridigheter eller någons betryckta läge då gör man vad i grumligt vatten? ,Fiska,När man skaffar fördelar genom att utnyttja förvirring eller stridigheter eller någons betryckta läge då fiskar man i grumligt vatten.,När man skaffar fördelar genom att utnyttja förvirring eller stridigheter eller någons betryckta läge då simmar man i grumligt vatten.,
Ett företags främsta produkt kallas också för ,Flaggskepp,Ett företags främsta produkt kallas också för flaggskepp.,Ett företags främsta produkt kallas också för kronjuvel.,
När man vill betona den långa vägen till den färdiga produkten från den första idén använder man uttrycket från ax till ,Limpa,När man vill betona den långa vägen till den färdiga produkten från den första idén använder man uttrycket från ax till limpa.,När man vill betona den långa vägen till den färdiga produkten från den första idén använder man uttrycket från ax till bröd.,
När man blir inspirerad att ägna sig mer aktivt åt något får man blodad,Tand ,När man blir inspirerad att ägna sig mer aktivt åt något får man blodad tand.,När man blir inspirerad att ägna sig mer aktivt åt något får man blodad näsa.,
När man ångrar ett beslut och inte längre vågar något då får man kalla,Fötter,När man ångrar ett beslut och inte längre vågar något då får man kalla fötter.,När man ångrar ett beslut och inte längre vågar något då får man kalla händer.,
Sedan länge olösta problem som man undviker kallas för gamla ,Surdegar ,Sedan länge olösta problem som man undviker kallas för gamla surdegar.,Sedan länge olösta problem som man undviker kallas för gamla fiskar.,x
När man lugnar en upprörd situation då gulnar man olja på ,Vågorna,När man lugnar en upprörd situation då häller man olja på vågorna.,När man lugnar en upprörd situation då häller man olja på älven.,
"Den sista utvägen, som sannolikt inte kommer att hjälpa heller, är det sista ",Halmstrået,"Den sista utvägen, som sannolikt inte kommer att hjälpa heller, är det sista halmstrået.","Den sista utvägen, som sannolikt inte kommer att hjälpa heller, är det sista tändstickan.",
När man begår brott och går “syndens väg” då går man den _ vägen.,Breda ,När man begår brott och går “syndens väg” då går man den breda vägen.,När man begår brott och går “syndens väg” då går man den sista vägen.,
När kylan tränger sig in i kroppen genom kläderna går den genom _ och ben. ,Märg ,När kylan tränger sig in i kroppen genom kläderna går den genom märg och ben.,När kylan tränger sig in i kroppen genom kläderna går den genom kött och ben.,
När man framträder till försvar för någon då går man i ,Bräschen,När man framträder till försvar för någon då går man i bräschen.,När man framträder till försvar för någon då går man i huk.,
När många beger sig iväg till ett evenemang eller liknande då går man man ur ,Huse,När många beger sig iväg till ett evenemang eller liknande då går man man ur huse.,När många beger sig iväg till ett evenemang eller liknande då går man man ur huset.,
Någon som tiggar komplimanger på ett alltför tydligt sätt gåt med ,Håven,Någon som tiggar komplimanger på ett alltför tydligt sätt går med håven.,Någon som tiggar komplimanger på ett alltför tydligt sätt går med korgen.,x
När man tar sig fram oberoende av markens beskaffenhet då går man över stock och ,Sten,När man tar sig fram oberoende av markens beskaffenhet då går man över stock och sten.,När man tar sig fram oberoende av markens beskaffenhet då går man över stock och rot.,
En välmenad tjänst som får negativer följder kallas för en ,Björntjänst ,En välmenad tjänst som får negativa följder kallas för en björntjänst.,En välmenad tjänst som får negativa följder kallas för en grodtjänst.,
När man har gjort ett stort fel som kan få stora konsekvenser då har man gjort en ,Tavla,När man har gjort ett stort fel som kan få stora konsekvenser då har man gjort en tavla.,När man har gjort ett stort fel som kan få stora konsekvenser då har man gjort en tagg.,
Någon som inte är mottaglig för avvikande åsikter och ger ett aggressivt bemötande har alla vad utåt? ,Taggar,Någon som inte är mottaglig för avvikande åsikter och ger ett aggressivt bemötande har alla taggar utåt.,Någon som inte är mottaglig för avvikande åsikter och ger ett aggressivt bemötande har alla tänder utåt.,
När man har ett speciellt ämne eller agenda som man alltid vill diskutera då har man en ,Kapphäst,När man har ett speciellt ämne eller agenda som man alltid vill diskutera då har man en käpphäst.,När man har ett speciellt ämne eller agenda som man alltid vill diskutera då har man en nallebjörn.,
Någon som inte tänker sig för stoppar huvudet under ,Armen,Någon som inte tänker sig för stoppar huvudet under armen.,Någon som inte tänker sig för stoppar huvudet under axeln.,
Någon som är mångsidig har många strängar på sin ,Lyra,Någon som är mångsidig har många strängar på sin lyra.,Någon som är mångsidig har många strängar på sin fiol.,x
När man håller på med något oväsentligt som irriterar andra har man vad på det? ,Pippi,När man håller på med något oväsentligt som irriterar andra har man pippi på det.,När man håller på med något oväsentligt som irriterar andra har man sparv på det.,x
Någon som är modig och har moralisk styrka har vad i ryggen? ,Råg,Någon som är modig och har moralisk styrka har råg i ryggen.,Någon som är modig och har moralisk styrka har ryggrad i ryggen.,
Någon som är bra ekonomiskt ställt har sitt på det ,Torra,Någon som är bra ekonomiskt ställt har sitt på det torra.,Någon som är bra ekonomiskt ställt har sitt på det säkra.,
Någon som är ovanligt generös har på sig,Spenderbyxorna,Någon som är ovanligt generös har på sig spenderbyxorna.,Någon som är ovanligt generös har med sig guldkalven.,
När man ser mycket olycklig ut så ser man ut som om man har sålt vad och tappat pengarna? ,Smöret,När man ser mycket olycklig ut så ser man ut som om man har sålt smöret och tappat pengarna.,När man ser mycket olycklig ut så ser man ut som om man har sålt mjölken och tappat pengarna.,x
Något som är bortom all logik är helt uppåt,Väggarna,Något som är bortom all logik är helt uppåt väggarna.,Något som är bortom all logik är helt uppåt taket.,
Om man fortsätter hålla högsta kvalité och inte faller för frestelsen att börja småslarva då håller man vad högt? ,Fanan,Om man fortsätter hålla högsta kvalité och inte faller för frestelsen att börja småslarva då håller man fanan högt.,Om man fortsätter hålla högsta kvalité och inte faller för frestelsen att börja småslarva då håller man vimpeln högt.,
När man är alldeles naken då är man i bara,Mässing,När man är alldeles naken då är man i bara mässing.,När man är alldeles naken då är man i bara kött.,
Att handla utan eftertanke kring de eventuella konsekvenserna kallas också för att gå dit vad pekar? ,Näsan,Att handla utan eftertanke kring de eventuella konsekvenserna kallas också för att gå dit näsan pekar.,Att handla utan eftertanke kring de eventuella konsekvenserna kallas också för att gå dit solen pekar.,
Företeelser av mindre vikt som sker som ett resultat av något större och viktigare händer i ,Kölvattnet,Företeelser av mindre vikt som sker som ett resultat av något större och viktigare händer i kölvattnet.,Företeelser av mindre vikt som sker som ett resultat av något större och viktigare händer i skuggan.,
Istället av “i sinom tid” kan man också säga i vems tid?,Simons,Istället för “i sinom tid” kan man också säga i Simons tid.,Istället för “i sinom tid” kan man också säga i Eriks tid.,
Något som är väldigt svårt att åstadkomma är inget man _ ur näsan?,Snyter,Något som är väldigt svårt att åstadkomma är inget man snyter ur näsan.,Något som är väldigt svårt att åstadkomma är inget man drar ur näsan.,
Något som är väldigt svårt att åstadkomma är inte gjort på en,Kafferast ,Något som är väldigt svårt att åstadkomma är inte gjort på en kafferast.,Något som är väldigt svårt att åstadkomma är inte gjort på en kväll.,x
När man inte anstränger sig det minsta för att bidra till att något blir åtgärdat så lägger man inte två vad i kors? ,Strån,När man inte anstränger sig det minsta för att bidra till att något blir åtgärdat så lägger man inte två strån i kors.,När man inte anstränger sig det minsta för att bidra till att något blir åtgärdat så lägger man inte två pennor i kors.,x
Något som inte har hänt sedan mycket länge sedan har inte hänt sedan vad brann? ,Eldkvarn,Något som inte har hänt sedan mycket länge har inte hänt sedan Eldkvarn brann.,Något som inte har hänt sedan mycket länge har inte hänt sedan himlen brann.,x
Något mycket bra som någon erbjuds utan krav på motprestation är serverat som på ,Silverfat,Något mycket bra som någon erbjuds utan krav på motprestation är serverat som på silverfat.,Något mycket bra som någon erbjuds utan krav på motprestation är serverat som på bricka.,
Att vara tyst kan också uttryckas som att inte säga vad?,Flaska,Att vara tyst kan också uttryckas som att inte säga flaska.,Att vara tyst kan också uttryckas som att inte säga mugg.,x
När man försöker skynda på någon då jagar man hen med ,Blåslampa,När man försöker skynda på någon då jagar man hen med blåslampa.,När man försöker skynda på någon då jagar man hen med lötkryta. ,x
När något kommer garanterat att gå illa så barker det åt ,Skogen,När något garanterat kommer att gå illa så barkar det åt skogen.,När något garanterat kommer att gå illa så barkar det åt vargarna.,x
När man vill att någon ska försvinna säger man att hen ska dra dit vad växer? ,Pepparn,När man vill att någon ska försvinna säger man att hen ska dra dit pepparn växer.,När man vill att någon ska försvinna säger man att hen ska dra dit kaffet växer.,
När man är försedd med ett överflod av vapen då är man beväpnad till ,Tänderna ,När man är försedd med ett överflöd av vapen då är man beväpnad till tänderna.,När man är försedd med ett överflöd av vapen då är man beväpnad till benen.,
När man oavsiktligt inbjuder till kritik då binder man vad åt egen rygg? ,Ris ,När man oavsiktligt inbjuder till kritik då binder man ris åt egen rygg.,När man oavsiktligt inbjuder till kritik då binder man tavlan åt egen rygg.,
När man är tvungen att foga sig och göra något som man vet är negativt då biter man i det sura,Äpplet,När man är tvungen att foga sig och göra något som man vet är negativt då biter man i det sura äpplet.,När man är tvungen att foga sig och göra något som man vet är negativt då biter man i det sura bladet.,
Något som är bråttom brinner i ,Knutarna,Något som är bråttom brinner i knutarna.,Något som är bråttom brinner i skeppet.,
När man handlar så att man förlorar alla sina möjligheter att återvända då brinner man sina,"Skepp, Broar",När man handlar så att man förlorar alla sina möjligheter att återvända då bränner man sina skepp.,När man handlar så att man förlorar alla sina möjligheter att återvända då bränner man sin gård.,
När man arbetar för hårt och inte lyckas hushålla med sina krafter då bränner man sitt vad i båda ändar?,Ljus,När man arbetar för hårt och inte lyckas hushålla med sina krafter då bränner man sitt ljus i båda ändar.,När man arbetar för hårt och inte lyckas hushålla med sina krafter då bränner man sitt papper i båda ändar.,
När man fantiserar och överdriver positiva sidor av något då bygger man ,Luftslott,När man fantiserar och överdriver positiva sidor av något då bygger man luftslott.,När man fantiserar och överdriver positiva sidor av något då bygger man hus.,
När man vill förbruka något men ändå ha det kvar då vill man båda ha och äta ,"Kakan, Tårtan ",När man vill förbruka något men ändå ha det kvar då vill man både ha och äta kakan.,När man vill förbruka något men ändå ha det kvar då vill man både ha och äta korven.,
När man är överdrivet säkerhetsmedveten eller försiktig vill man ha båda hängslen och ,Livrem,När man är överdrivet säkerhetsmedveten eller försiktig vill man ha både hängslen och livrem.,När man är överdrivet säkerhetsmedveten eller försiktig vill man ha både hängslen och bältet.,
Att börja om på nytt är att börja på ny ,Kula,Att börja om på nytt är att börja på ny kula.,Att börja om på nytt är att börja på nytt blad.,x
En fråga som prioriterats ner i angelägenhetsgrad hamnar i ,Bakvattnet,En fråga som prioriterats ner i angelägenhetsgrad hamnar i bakvattnet.,En fråga som prioriterats ner i angelägenhetsgrad hamnar i kölvattnet.,
När man förlorar det som är bra när man gör sig av med det man anser vara värdelöst då kastar man ut barnet med ,Badvattnet,När man förlorar det som är bra när man gör sig av med det man anser vara värdelöst då kastar man ut barnet med badvattnet.,När man förlorar det som är bra när man gör sig av med det man anser vara värdelöst då kastar man ut barnet med soppåsen.,
Att genom upprepade ansträngningar försöker rädda en hopplös situation är att kasta goda vad efter dåliga?,Pengar,Att genom upprepade ansträngningar försöka rädda en hopplös situation är att kasta goda pengar efter dåliga.,Att genom upprepade ansträngningar försöka rädda en hopplös situation är att kasta goda korn efter dåliga.,
Något stort och imponerande som står på svag grund och därför lätt kan falla omkull är en koloss på ,Lerfötter ,Något stort och imponerande som står på svag grund och därför lätt kan falla omkull är en koloss på lerfötter.,Något stort och imponerande som står på svag grund och därför lätt kan falla omkull är en koloss på leran.,
När man får det bra ekonomiskt så kommer man på grön ,Kvist,När man får det bra ekonomiskt så kommer man på grön kvist.,När man får det bra ekonomiskt så kommer man på grön sedel.,
När man får visa sin underdånighet då får man kräla i ,Stoftet ,När man får visa sin underdånighet då får man kräla i stoftet.,När man får visa sin underdånighet då får man kräla i sanden.,
Att kunna utföra en till synes omöjlig uppgift är att kunna försätta vad? ,Berg ,Att kunna utföra en till synes omöjlig uppgift är att kunna försätta berg.,Att kunna utföra en till synes omöjlig uppgift är att kunna försätta hus.,
När man inte stå för vad man tycker utan rätta sin uppfattning efter vad andra anser då känner man hur vinden ,Blåser ,När man inte står för vad man tycker utan rättar sin uppfattning efter vad andra anser då känner man hur vinden blåser.,När man inte står för vad man tycker utan rättar sin uppfattning efter vad andra anser då känner man hur vinden vänder.,
Något som ligger obrukat ligger för ,Fäfot,Något som ligger obrukat ligger för fäfot.,Något som ligger obrukat ligger för senare.,
När man inte röster i ett val då ligger man på ,Sofflocket,När man inte röstar i ett val då ligger man på sofflocket.,När man inte röstar i ett val då ligger man på soffan.,x
Något som är föremål för omprövning och diskussion ligger i ,Stöpsleven,Något som är föremål för omprövning och diskussion ligger i stöpsleven.,Något som är föremål för omprövning och diskussion ligger i tapeten.,x
Att ge inblick i något som omges av sekretess är att lyfta på ,Förlåten ,Att ge inblick i något som omges av sekretess är att lyfta på förlåten.,Att ge inblick i något som omges av sekretess är att lyfta på gardinen.,
Att anstränga sig över sin förmåga är att lyfta sig själv i ,Håret ,Att anstränga sig över sin förmåga är att lyfta sig själv i håret.,Att anstränga sig över sin förmåga är att lyfta sig själv i näsan.,
Att bromsa och hindra något är att lägga en vad på något? ,Hämsko,Att bromsa och hindra något är att lägga en hämsko på något.,Att bromsa och hindra något är att lägga en sten på något.,
Att genomgå en planerad kirurgisk operation kallas också för att lägga sig under ,Kniven,Att genomgå en planerad kirurgisk operation kallas också för att lägga sig under kniven.,Att genomgå en planerad kirurgisk operation kallas också för att lägga sig under ljuset.,
När man slutar att utöva en sport lägger man vad på hyllan? ,Skorna,När man slutar att utöva en sport lägger man skorna på hyllan.,När man slutar att utöva en sport lägger man hatten på hyllan.,
När man läxar upp någon läser man vad av hen? ,Lusen,När man läxar upp någon läser man lusen av hen.,När man läxar upp någon läser man benet av hen.,
När man likställer alla utan hänsyn till individuella egenskaper då drar man alla över en ,Kam ,När man likställer alla utan hänsyn till individuella egenskaper då drar man alla över en kam.,När man likställer alla utan hänsyn till individuella egenskaper då drar man alla över en säng.,
Någonting man verkligen har behov av och som kommer oväntat är en skänk från ,Ovan ,Någonting man verkligen har behov av och som kommer oväntat är en skänk från ovan.,Någonting man verkligen har behov av och som kommer oväntat är en skänk från himlen.,
Ett misslyckad försök är ett slag i ,Luften,Ett misslyckat försök är ett slag i luften.,Ett misslyckat försök är ett slag i himlen.,
"När man är ödmjuk, respektfull mot en överhet står man med vad i handen? ",Mössan,"När man är ödmjuk, respektfull mot en överhet står man med mössan i handen.","När man är ödmjuk, respektfull mot en överhet står man med hatten i handen.",
Någon som befinner sig i en ekonomisk situation där man nätt och jämnt klarar sig står med näsan ovanför vad? ,Vattenytan,Någon som befinner sig i en ekonomisk situation där man nätt och jämnt klarar sig står med näsan ovanför vattenytan.,Någon som befinner sig i en ekonomisk situation där man nätt och jämnt klarar sig står med näsan ovanför vattnet.,
När man tar ut det trevliga ur något och lämnar resten då plockar man vad ur kakan? ,Russin,När man tar ut det trevliga ur något och lämnar resten då plockar man russin ur kakan,När man tar ut det trevliga ur något och lämnar resten då plockar man korsbär ur kakan,
När man fokuserar på småsaker och inte beaktar det som verkligen är viktigt då silar man mygg och svälter ,Kameler,När man fokuserar på småsaker och inte beaktar det som verkligen är viktigt då silar man mygg och sväljer kameler.,När man fokuserar på småsaker och inte beaktar det som verkligen är viktigt då silar man mygg och sväljer elefanter.,
Den sista åtgärd eller händelse som slutligen resulterar i att något definitivt är förlorat är sista spikan i ,Kistan,Den sista åtgärden eller händelsen som slutligen resulterar i att något definitivt är förlorat är sista spiken i kistan.,Den sista åtgärden eller händelsen som slutligen resulterar i att något definitivt är förlorat är sista spiken i banken.,
När man är i klämma sitter man med skägget i ,Brevlådan,När man är i klämma sitter man med skägget i brevlådan.,När man är i klämma sitter man med skägget i stolen.,x
När man har det gott ställt då är man uppe i ,Smöret,När man har det gott ställt då är man uppe i smöret.,När man har det gott ställt då är man uppe i mjölken.,x
När man ser lidande ut ser man ut som hur många svåra år? ,"Sju, 7",När man ser lidande ut ser man ut som sju svåra år.,När man ser lidande ut ser man ut som tretton svåra år.,
Någon som är gapande av förvåning står som en  ,Fågelholk,Någon som är gapande av förvåning står som en fågelholk.,Någon som är gapande av förvåning står som en åsna.,x
När man går sin väg i stället för att bara klaga då gör man vad med fötterna? ,"Rösta, Röster",När man går sin väg istället för att bara klaga då röstar man med fötterna.,När man går sin väg istället för att bara klaga då jobbar man med fötterna.,
När man samlar på sig tillgångar för eventuella framtida behov vid osäkra framtidsutsikter då samlar man i ,Ladorna,När man samlar på sig tillgångar för eventuella framtida behov vid osäkra framtidsutsikter då samlar man i ladorna.,När man samlar på sig tillgångar för eventuella framtida behov vid osäkra framtidsutsikter då samlar man i fickan.,
När man vet att något är på väg mot undergång då lämnar vilka djur ett sjunkande skepp? ,Råttorna,När man vet att något är på väg mot undergång då lämnar råttorna ett sjunkande skepp.,När man vet att något är på väg mot undergång då lämnar katterna ett sjunkande skepp.,
"Att festa vilt, ofta på restaurang, kallas också för att rulla ",Hatt,"Att festa vilt, ofta på restaurang, kallas också för att rulla hatt.","Att festa vilt, ofta på restaurang, kallas också för att rulla boll.",
Att komma igen efter svåra misslyckanden är att resa sig som vilken fågel ur askan? ,Fenix,Att komma igen efter svåra misslyckanden är att resa sig som Fenix ur askan.,Att komma igen efter svåra misslyckanden är att resa sig som örnen ur askan.,
När man gör något bara för att retas eller trotsa då gör man det på pin ,Kniv ,När man gör något bara för att retas eller trotsa då gör man det på pin kniv.,När man gör något bara för att retas eller trotsa då gör man det på pint svärd.,
När man gör något vårdslöst och slarvigt gör man det på lösa ,Boliner,När man gör något vårdslöst och slarvigt gör man det på lösa boliner.,När man gör något vårdslöst och slarvigt gör man det på lösa skruvar.,
Om man äter mycket och gott då smörjer man ,Kråset,Om man äter mycket och gott då smörjer man kråset.,Om man äter mycket och gott då smörjer man brödet.,x
Något som har en högtidlig inramning är pompa och ,Ståt,Något som har en högtidlig inramning är pompa och ståt.,Något som har en högtidlig inramning är pompa och glans.,
När man vill påpeka extra tydligt att något ska göras omgående då pekar man med hela,Handen,När man vill påpeka extra tydligt att något ska göras omgående då pekar man med hela handen.,När man vill påpeka extra tydligt att något ska göras omgående då pekar man med hela kroppen.,
När man tar emot någon hjärtligt och välkomnande då tar man emot hen med varm ,Hand,När man tar emot någon hjärtligt och välkomnande då tar man emot hen med varm hand.,När man tar emot någon hjärtligt och välkomnande då tar man emot hen med varm hej.,
När man är nervös och inte kan sitta still har man myror i ,Byxorna,När man är nervös och inte kan sitta still har man myror i byxorna.,När man är nervös och inte kan sitta still har man myror i skorna.,
När man blir ertappad i en självförvållad situation som man får skämmas för inför andra då står man med vad nere? ,"Byxorna, Huvudet, hakan ",När man blir ertappad i en självförvållad situation som man får skämmas för inför andra då står man med byxorna nere.,När man blir ertappad i en självförvållad situation som man får skämmas för inför andra då står man med trosorna nere.,
Negativa konsekvenser som inte syns vid en första anblick är baksidan av vad? ,"Medaljen, Myntet ",Negativa konsekvenser som inte syns vid en första anblick är baksidan av medaljen.,Negativa konsekvenser som inte syns vid en första anblick är baksidan av månen.,
När någon har gjort något som hen borde skämmas för då går skam för torra ,Land,När någon har gjort något som hen borde skämmas för då går skam för torra land.,När någon har gjort något som hen borde skämmas för då går skam för torra händer.,
När man festar mycket då lever man ett liv i sus och ,Dus,När man festar mycket då lever man ett liv i sus och dus.,När man festar mycket då lever man ett liv i sus och brus.,
"Någon som ständigt tar sig för nya aktiviteter på ett nervöst sätt, till synes utan något egentligt slutligt mål, är som ett skållat",Troll,"Någon som ständigt tar sig för nya aktiviteter på ett nervöst sätt, till synes utan något egentligt slutligt mål, är som ett skållat troll.","Någon som ständigt tar sig för nya aktiviteter på ett nervöst sätt, till synes utan något egentligt slutligt mål, är som ett skållat spöke.",x
"Ett kaotiskt, stormigt och resultatlöst sammanträde kallas också för polsk",Riksdag,"Ett kaotiskt, stormigt och resultatlöst sammanträde kallas också för polsk riksdag.","Ett kaotiskt, stormigt och resultatlöst sammanträde kallas också för polsk gryta.",
När någon avlider kan man också säga att hen gör vad med en påve? ,Sminka,När någon avlider kan man också säga att hen sminkar en påve.,När någon avlider kan man också säga att hen äter en påve.,
När man försöker påtvinga någon annan ens egna tankar och åsikter då skriver man hen på ,Näsan,När man försöker påtvinga någon annan ens egna tankar och åsikter då skriver man hen på näsan.,När man försöker påtvinga någon annan ens egna tankar och åsikter då skriver man hen på pannan.,
När man använder en onödigt komplicerad eller otymplig metod för att lösa ett problem som kan lösas på ett mycket enklare sätt då skjuter man vad med kanoner? ,Mygg,När man använder en onödigt komplicerad eller otymplig metod för att lösa ett problem som kan lösas på ett mycket enklare sätt då skjuter man mygg med kanoner.,När man använder en onödigt komplicerad eller otymplig metod för att lösa ett problem som kan lösas på ett mycket enklare sätt då skjuter man sparvar med kanoner.,
Någon som gör bort sig skiter i det blå ,Skapet,Någon som gör bort sig skiter i det blå skapet.,Någon som gör bort sig skiter i det blå tornet.,
När man tar det lugnt även om man hamnar i svårigheter då sitter man still i ,Båten,När man tar det lugnt även om man hamnar i svårigheter då sitter man still i båten.,När man tar det lugnt även om man hamnar i svårigheter då sitter man still i skeppet.,
När man har otur och inte har något val då sitter man på,Pottkanten,När man har otur och inte har något val då sitter man på pottkanten.,När man har otur och inte har något val då sitter man på grinden.,
När man har många problem då har man sju sorger och åtta,Bedrövelser,När man har många problem då har man sju sorger och åtta bedrövelser.,När man har många problem då har man sju sorger och åtta fällor.,
När man väljer endast det som är utav värde då skiljer man vad från vetet? ,Agnarna,När man väljer endast det som är utav värde då skiljer man agnarna från vetet.,När man väljer endast det som är utav värde då skiljer man ogräset från vetet.,
När man får lida för de negativa konsekvenserna av sitt eget handlande då skördar man sina ,Frukter,När man får lida för de negativa konsekvenserna av sitt eget handlande då skördar man sina frukter.,När man får lida för de negativa konsekvenserna av sitt eget handlande då skördar man sina potatis.,
När man gör det till synes omöjliga då slår man vad på sig själv? ,Knut,När man gör det till synes omöjliga då slår man knut på sig själv.,När man gör det till synes omöjliga då slår man slingan på sig själv.,
När man är stolt över sig själv och gillar att prata om hur bra man är då slår man sig på ,Bröstet,När man är stolt över sig själv och gillar att prata om hur bra man är då slår man sig på bröstet.,När man är stolt över sig själv och gillar att prata om hur bra man är då slår man sig på kinden.,
Ett förslag som mottas positivt faller i god...,Jord,Ett förslag som mottas positivt faller i god jord.,Ett förslag som mottas positivt faller i god humör.,
Ett ärende som hamnar mellan olika ansvarsområden och som därför ingen tar tag i faller mellan två...,Stolar,Ett ärende som hamnar mellan olika ansvarsområden och som därför ingen tar tag i faller mellan två stolar.,Ett ärende som hamnar mellan olika ansvarsområden och som därför ingen tar tag i faller mellan två bord.,
När man blir full av entusiasm för något då fattar man...  ,Eld,När man blir full av entusiasm för något då fattar man eld.,När man blir full av entusiasm för något då fattar man galoppen.,
När man förstår vad något handlar om då fattar man... ,Galoppen,När man förstår vad något handlar om då fattar man galoppen.,När man förstår vad något handlar om då fattar man eld.,
När något är överflödigt blir det som det femte hjulet under...,Vagnen,När något är överflödigt blir det som det femte hjulet under vagnen.,När något är överflödigt blir det som det femte hjulet under bilen.,
En person som högmodigt och föraktfullt markerar sitt avstånd från andra är fin i...,Kanten ,En person som högmodigt och föraktfullt markerar sitt avstånd från andra är fin i kanten.,En person som högmodigt och föraktfullt markerar sitt avstånd från andra är fin i baken.,x
När man känner sig nervös inför något nära förestående har man vad i magen? ,Fjärilar,När man känner sig nervös inför något nära förestående har man fjärilar i magen.,När man känner sig nervös inför något nära förestående har man myror i magen.,
När man får ett raseriutbrott flyger man i...,Luften,När man får ett raseriutbrott flyger man i luften,När man får ett raseriutbrott flyger man i palmen,
När man jagar och eller stressar någon då flåsar man denne i...,Nacken,När man jagar och eller stressar någon då flåsar man denne i nacken.,När man jagar och eller stressar någon då flåsar man denne i håret.,
När man får problem och hamnar i ett svårt och utsatt läge får man det hett om... ,Öronen,När man får problem och hamnar i ett svårt och utsatt läge får man det hett om öronen.,När man får problem och hamnar i ett svårt och utsatt läge får man det hett om huvudet.,
Ett föremål som försvunnit eller blivit stulet har fått...,Fötter,Ett föremål som försvunnit eller blivit stulet har fått fötter.,Ett föremål som försvunnit eller blivit stulet har fått ben.,
När man blir avvisad av någon så får man kalla...,Handen,När man blir avvisad av någon så får man kalla handen.,När man blir avvisad av någon så får man kalla korgen,
När man får avslag på sitt frieri så får man... ,Korgen,När man får avslag på sitt frieri så får man korgen.,När man får avslag på sitt frieri så får man foten.,
När man totalt har missuppfattat något så har man fått det om...,Bakfoten ,När man totalt har missuppfattat något så har man fått det om bakfoten.,När man totalt har missuppfattat något så har man fått det om rumpan.,
När man tvingas ta hand om något och ägna sig åt det så får man det på...,Halsen ,När man tvingas ta hand om något och ägna sig åt det så får man det på halsen.,När man tvingas ta hand om något och ägna sig åt det så får man det på axeln.,
När man får stryk så får man på...,Pälsen,När man får stryk så får man på pälsen.,När man får stryk så får man på huden.,
När man blir mycket exalterad över något enastående bra då får man...,"Ståpäls, Gåshud",När man blir mycket exalterad över något enastående bra då får man ståpäls.,När man blir mycket exalterad över något enastående bra då får man skratt.,
Att få ytterligare argument som stöd för sin sak är att få vatten på sin...,Kvarn,Att få ytterligare argument som stöd för sin sak är att få vatten på sin kvarn.,Att få ytterligare argument som stöd för sin sak är att få vatten på sin hink.,
När man får en utskällning får man veta att man... ,Lever,När man får en utskällning får man veta att man lever.,När man får en utskällning får man veta att man dör.,
När man efter mycket tvekan eller tidsspillan till slut påbörjar något får man ändan ur...,Vagnen,När man efter mycket tvekan eller tidsspillan till slut påbörjar något får man ändan ur vagnen.,När man efter mycket tvekan eller tidsspillan till slut påbörjar något får man ändan ur cykeln.,
När man kör med full fart och med all kraft man har så kör man för allt vadå för något håller?,"Tygen, Tygeln, Tyglarna",När man kör med full fart och med all kraft man har så kör man för allt vad tyglarna håller.,När man kör med full fart och med all kraft man har så kör man för allt vad vagnen håller.,
När man gör något utan någon annans hjälp då gör man det för egen...,Maskin,När man gör något utan någon annans hjälp då gör man det för egen maskin.,När man gör något utan någon annans hjälp då gör man det för egen vagn.,
När man gör något med väldig fart så gör man det för fulla...,Muggar,När man gör något med väldig fart så gör man det för fulla muggar.,När man gör något med väldig fart så gör man det för fulla glas.,x
När man blivit lurad eller undanhållen viktig information har man blivit förd bakom...,Ljuset,När man blivit lurad eller undanhållen viktig information har man blivit förd bakom ljuset.,När man blivit lurad eller undanhållen viktig information har man blivit förd bakom trädet.,
När man försöker utföra det omöjliga då försöker man ta ner...,Månen,När man försöker utföra det omöjliga då försöker man ta ner månen.,När man försöker utföra det omöjliga då försöker man ta ner solen.,
När man gör någon tokig och galen av förälskelse så förvrider man vad på denne? ,Huvudet,När man gör någon tokig och galen av förälskelse så förvrider man huvudet på denne.,När man gör någon tokig och galen av förälskelse så förvrider man ögonen på denne.,
När man säger något med reservation för att det kan bli ett annat resultat garderar man med...,Kryss,När man säger något med reservation för att det kan bli ett annat resultat garderar man med kryss.,När man säger något med reservation för att det kan bli ett annat resultat garderar man med streck.,
När man får tillstånd eller klarsignal för att göra något så får man grönt...,Ljus,När man får tillstånd eller klarsignal för att göra något så får man grönt ljus.,När man får tillstånd eller klarsignal för att göra något så får man grönt gräs.,
När man anstränger sig till det yttersta med full kapacitet så ger man...,Järnet,När man anstränger sig till det yttersta med full kapacitet så ger man järnet.,När man anstränger sig till det yttersta med full kapacitet så ger man smöret.,
När man bestraffar någon mer hårdhänt än det är nödvändigt så ger man en...,Känga,När man bestraffar någon mer hårdhänt än det är nödvändigt så ger man en känga.,När man bestraffar någon mer hårdhänt än det är nödvändigt så ger man en sko.,
När man ger någon stor frihet att agera utan begränsningar då ger man någon fria...,"Tyglar, Händer",När man ger någon stor frihet att agera utan begränsningar då ger man någon fria tyglar.,När man ger någon stor frihet att agera utan begränsningar då ger man någon fria ben.,
Någon som är berusad är glad i...,Hatten,Någon som är berusad är glad i hatten.,Någon som är berusad är glad i huvudet.,x
När man uppmuntrar någon att inte beklaga sig över en olycka som redan inträffat och som inte går att göra något åt säger man att hen inte ska gråta över spilld...,Mjölk,När man uppmuntrar någon att inte beklaga sig över en olycka som redan inträffat och som inte går att göra något åt säger man att hen inte ska gråta över spilld mjölk.,När man uppmuntrar någon att inte beklaga sig över en olycka som redan inträffat och som inte går att göra något åt säger man att hen inte ska gråta över spilld vatten.,
När man börjar en förändring i sin närhet eller inom ramen för sitt eget verksamhetsområde då gör man vad där man står? ,"Gräva, Gräver",När man börjar en förändring i sin närhet eller inom ramen för sitt eget verksamhetsområde då gräver man där man står.,När man börjar en förändring i sin närhet eller inom ramen för sitt eget verksamhetsområde då jobbar man där man står.,
När man sluter fred då gräver man ner...,Stridsyxorna,När man sluter fred då gräver man ner stridsyxorna.,När man sluter fred då gräver man ner vapen.,
En åtgärd som på sikt kan leda till allvarliga konsekvenser för den som utför handlingen är att göra vad med sin egen grav? ,Gräva,En åtgärd som på sikt kan leda till allvarliga konsekvenser för den som utför handlingen är att gräva sin egen grav.,En åtgärd som på sikt kan leda till allvarliga konsekvenser för den som utför handlingen är att köpa sin egen grav.,
När något drar igång så går det av...,Stapeln,När något drar igång så går det av stapeln.,När något drar igång så går det av banken.,x
När man med besinningslöshet raserar och skadar allt som kommer i ens väg då går man...,Bärsärkagång,När man med besinningslöshet raserar och skadar allt som kommer i ens väg då går man bärsärkagång.,När man med besinningslöshet raserar och skadar allt som kommer i ens väg då går man framåt.,
När man gör något på samma sätt som man alltid har gjort det så går man i gamla...,Hjulspår,När man gör något på samma sätt som man alltid har gjort det så går man i gamla hjulspår.,När man gör något på samma sätt som man alltid har gjort det så går man i gamla väg.,
När man blir mycket arg och tappar självbehärskningen av vrede går man i...,Taket,När man blir mycket arg och tappar självbehärskningen av vrede går man i taket.,När man blir mycket arg och tappar självbehärskningen av vrede går man i palmen.,
När man anstränger sig så hårt psykiskt att man kraschar så går man in i... ,Väggen,När man anstränger sig så hårt psykiskt att man kraschar så går man in i väggen.,När man anstränger sig så hårt psykiskt att man kraschar så går man in i taket.,
Att stöta på ett oövervinnligt motstånd är att ge sig på...,Pumpen,Att stöta på ett oövervinnligt motstånd är att ge sig på pumpen.,Att stöta på ett oövervinnligt motstånd är att ge sig på kvarn.,
"När något fortskrider som vanligt, utan större förändringar, går sin gilla",Gång,"När något fortskrider som vanligt, utan större förändringar, går sin gilla gång.","När något fortskrider som vanligt, utan större förändringar, går sin gilla väg.",
När något auktioneras ut så går det under...,Klubban,När något auktioneras ut så går det under klubban.,När något auktioneras ut så går det under spiken.,
När man gör någonting på ett krångligare sätt än det behöver vara går man över den här efter vatten.,Ån,När man gör någonting på ett krångligare sätt än det behöver vara går man över ån efter vatten.,När man gör någonting på ett krångligare sätt än det behöver vara går man över älven efter vatten.,
När man försöker få en fråga eller problemställning att verka viktigare eller mer komplicerad än vad den är gör man en höna av en...,Fjäder,När man försöker få en fråga eller problemställning att verka viktigare eller mer komplicerad än vad den är gör man en höna av en fjäder.,När man försöker få en fråga eller problemställning att verka viktigare eller mer komplicerad än vad den är gör man en höna av en mus.,
När man plötsligt byter ståndpunkt gör man en...,Kovändning,När man plötsligt byter ståndpunkt gör man en kovändning.,När man plötsligt byter ståndpunkt gör man en omvändning.,
När man gör en snabb affär med god vinst gör man ett...,"Klipp, Kap",När man gör en snabb affär med god vinst gör man ett klipp.,När man gör en snabb affär med god vinst gör man ett affär.,
Någon som inte är vid sina sinnens fulla bruk har inte alla skruvar i...,Behåll,Någon som inte är vid sina sinnens fulla bruk har inte alla skruvar i behåll.,Någon som inte är vid sina sinnens fulla bruk har inte alla skruvar i skapet.,
Någon som har väldigt bråttom får eld i...,Baken,Någon som har väldigt bråttom får eld i baken.,Någon som har väldigt bråttom får eld i ryggen.,
Någon som är lite korkad och vansinnig har en sådan lös.,Skruv,Någon som är lite korkad och vansinnig har en skruv lös.,Någon som är lite korkad och vansinnig har en mugg lös.,
När man har något att ta till vid behov som i en given situation garanterat kan ge ett övertag mot andra då har man ett ess i...,Rockärmen,När man har något att ta till vid behov som i en given situation garanterat kan ge ett övertag mot andra då har man ett ess i rockärmen.,När man har något att ta till vid behov som i en given situation garanterat kan ge ett övertag mot andra då har man ett ess i ärmen.,
När man är fullkomligt pank har man inte ett rött...,Öre,När man är fullkomligt pank har man inte ett rött öre.,När man är fullkomligt pank har man inte ett rött peng.,
Någon som talar länge och mycket har ett välsmort...,Munläder,Någon som talar länge och mycket har ett välsmort munläder.,Någon som talar länge och mycket har ett välsmort tandkött.,
Någon som är vaken och intelligent har huvudet på...,Skaft ,Någon som är vaken och intelligent har huvudet på skaft.,Någon som är vaken och intelligent har huvudet på halsen.,
När man är överbelastad med arbete har man dessa fulla av arbetsuppgifter,Händerna,När man är överbelastad med arbete har man händerna fulla av arbetsuppgifter.,När man är överbelastad med arbete har man böckerna fulla av arbetsuppgifter.,
När man är överbelastad med arbete har man denna full av arbetsuppgifter,Häcken,När man är överbelastad med arbete har man häcken full av arbetsuppgifter.,När man är överbelastad med arbete har man boken full av arbetsuppgifter.,
När man har relativt goda kunskaper om något har man vad på det? ,Kläm,När man har relativt goda kunskaper om något har man kläm på det.,När man har relativt goda kunskaper om något har man sikte på det.,
Någon som är tjuvaktig har långa...,Fingrar,Någon som är tjuvaktig har långa fingrar.,Någon som är tjuvaktig har långa armar.,
När man vinner något med knapp marginal har man vad på sin sida? ,Millimetrarna,När man vinner något med knapp marginal har man millimetrarna på sin sida.,När man vinner något med knapp marginal har man centimetrarna på sin sida.,
Någon som anses vara relativt ointelligent har inte mycket innanför...,Pannbenet,Någon som anses vara relativt ointelligent har inte mycket innanför pannbenet.,Någon som anses vara relativt ointelligent har inte mycket innanför huvudet.,
Någon som kan lösa många uppgifter samtidigt utan att helt släppa något av pågående arbeten har många av dessa i luften.,Bollar,Någon som kan lösa många uppgifter samtidigt utan att helt släppa något av pågående arbeten har många bollar i luften.,Någon som kan lösa många uppgifter samtidigt utan att helt släppa något av pågående arbeten har många flygplan i luften.,
Någon som har osedvanlig tur och klarar sig genom många svåra olyckor i följd har det här antalet liv. ,"Nio, 9",Någon som har osedvanlig tur och klarar sig genom många svåra olyckor i följd har nio liv.,Någon som har osedvanlig tur och klarar sig genom många svåra olyckor i följd har sju liv.,
"När man har en plan eller avsikt, som inte är direkt bekant för andra då har man något i...",Kikaren,"När man har en plan eller avsikt, som inte är direkt bekant för andra då har man något i kikaren.","När man har en plan eller avsikt, som inte är direkt bekant för andra då har man något i boken.",
När man har något ytterst väl inövat eller inlärt har man det i...,Ryggmärgen,När man har något ytterst väl inövat eller inlärt har man det i ryggmärgen.,När man har något ytterst väl inövat eller inlärt har man det i blodet.,
"När något till en början är dolt, för att sedan komma fram, så har man det i...",Släptåg,"När något till en början är dolt, för att sedan komma fram, så har man det i släptåg.","När något till en början är dolt, för att sedan komma fram, så har man det i baksätet.",
"När man vill säga något, men att just för stunden inte kan komma på det rätta ordet i sammanhanget så har man det på...",Tungan,"När man vill säga något, men att just för stunden inte kan komma på det rätta ordet i sammanhanget så har man det på tungan.","När man vill säga något, men att just för stunden inte kan komma på det rätta ordet i sammanhanget så har man det på munnen.",
När man har full kontroll över något eller någon har man denne som i en liten...,Ask,När man har full kontroll över något eller någon har man denne som i en liten ask.,När man har full kontroll över något eller någon har man denne som i en liten ficka.,
När man har något som mål har man det här inställt på det.,Siktet,När man har något som mål har man siktet inställt på det.,När man har något som mål har man kikaren inställt på det.,
När man är avvikande eller tokig har man dessa på loftet. ,Tomtar,När man är avvikande eller tokig har man tomtar på loftet.,När man är avvikande eller tokig har man kål på loftet.,x
När man har fördel eller övertag har man detta på hand.,Trumf,När man har fördel eller övertag har man trumf på hand.,När man har fördel eller övertag har man mynt på hand.,
När man har ett gott förhållande till något eller någon och har dennes förtroende så har man detta med denne.,Tumme,När man har ett gott förhållande till något eller någon och har dennes förtroende så har man tumme med denne.,När man har ett gott förhållande till något eller någon och har dennes förtroende så har man axel med denne.,
När man för tillfället är i en period av framgångar har man vind i...,Seglen,När man för tillfället är i en period av framgångar har man vind i seglen.,När man för tillfället är i en period av framgångar har man vind i ryggen.,
Någon som bevakar allt som händer mycket intensivt har ögon i...,Nacken,Någon som bevakar allt som händer mycket intensivt har ögon i nacken.,Någon som bevakar allt som händer mycket intensivt har ögon i huvudet.,
När man hamnar i en utsatt situation så hamnar man i...,Blåsväder,När man hamnar i en utsatt situation så hamnar man i blåsväder.,När man hamnar i en utsatt situation så hamnar man i blixten.,
Något man gör hastigt och oplanerat gör man hals över...,Huvud,Något man gör hastigt och oplanerat gör man hals över huvud.,Något man gör hastigt och oplanerat gör man hals över fot.,
Någon som inte blir gift hamnar på överblivna...,Kartan,Någon som inte blir gift hamnar på överblivna kartan.,Någon som inte blir gift hamnar på överblivna banken.,
En mycket snäll och hänsynsfull människa skulle inte göra en sådan förnär. ,Fluga,En mycket snäll och hänsynsfull människa skulle inte göra en fluga förnär.,En mycket snäll och hänsynsfull människa skulle inte göra en råtta förnär.,
Någon som dricker mycket alkohol gör inte detta i glaset.,"Spotta, Spottar",Någon som dricker mycket alkohol spottar inte i glaset.,Någon som dricker mycket alkohol tittar inte i glaset.,
Någon som gärna skvallrar har sådana öron.,Långa,Någon som gärna skvallrar har långa öron.,Någon som gärna skvallrar har stora öron.,
Någon som lyssnar uppmärksamt gör detta med sina öron.,Spetsar,Någon som lyssnar uppmärksamt spetsar öronen.,Någon som lyssnar uppmärksamt öppnar öronen.,
När man plötsligt blir mycket rädd har man hjärtat i...,Halsgropen,När man plötsligt blir mycket rädd har man hjärtat i halsgropen.,När man plötsligt blir mycket rädd har man hjärtat i halsen.,
Någon som är god och medmänsklig har det här på rätt ställe.,Hjärtat,Någon som är god och medmänsklig har hjärtat på rätt ställe.,Någon som är god och medmänsklig har tummen på rätt ställe.,
När man gör ett val som ger oönskade konsekvenser hoppar man i galen...,Tunna,När man gör ett val som ger oönskade konsekvenser hoppar man i galen tunna.,När man gör ett val som ger oönskade konsekvenser hoppar man i galen pool.,
När man lämnar tryggheten och tar sig ur sitt begränsade sammanhang hoppar man ur...,Skålen,När man lämnar tryggheten och tar sig ur sitt begränsade sammanhang hoppar man ur skålen.,När man lämnar tryggheten och tar sig ur sitt begränsade sammanhang hoppar man ur ramen.,
När man gör något som är opassande men roligt hoppar man över...,Skaklarna,När man gör något som är opassande men roligt hoppar man över skaklarna.,När man gör något som är opassande men roligt hoppar man över elden.,
Något som är orubbligt beslutat eller fastställt är hugget i...,Sten,Något som är orubbligt beslutat eller fastställt är hugget i sten.,Något som är orubbligt beslutat eller fastställt är hugget i järn.,
Någon som har full kontroll har alla dessa i sin hand.,Trådar,Någon som har full kontroll har alla trådar i sin hand.,Någon som har full kontroll har alla styre i sin hand.,
När man håller igång en verksamhet utan risk för att intresset svalnar håller man vad kokande? ,Grytan,När man håller igång en verksamhet utan risk för att intresset svalnar håller man grytan kokande.,När man håller igång en verksamhet utan risk för att intresset svalnar håller man soppan kokande.,
När man har kontroll över något eller någon håller man det i...,Schack,När man har kontroll över något eller någon håller man det i schack.,När man har kontroll över något eller någon håller man det i grinden.,
När man försöker verka oberörd då håller man...,Masken,När man försöker verka oberörd då håller man masken.,När man försöker verka oberörd då håller man ansiktet.,
När man väntar med att säga vad någon otåligt undrar då håller man hen på...,Halster,När man väntar med att säga vad någon otåligt undrar då håller man hen på halster.,När man väntar med att säga vad någon otåligt undrar då håller man hen på tygeln.,
När man ska lugna ner sig och inte förivra sig ska man hålla sig i...,Skinnet,När man ska lugna ner sig och inte förivra sig ska man hålla sig i skinnet.,När man ska lugna ner sig och inte förivra sig ska man hålla sig i tygeln.,
När man är reserverad och avvaktande håller man sig på sin...,Kant,När man är reserverad och avvaktande håller man sig på sin kant.,När man är reserverad och avvaktande håller man sig på sin näsa.,
När man låtsas att allt är bra håller man vad uppe? ,Skenet,När man låtsas att allt är bra håller man skenet uppe.,När man låtsas att allt är bra håller man huvudet uppe.,
När man inte avslöjar en hemlighet håller man detta för tunga.,Tand,När man inte avslöjar en hemlighet håller man tand för tunga.,När man inte avslöjar en hemlighet håller man ögon för tunga.,
När man hoppas att något ska inträffa då håller man...,Tummarna,När man hoppas att något ska inträffa då håller man tummarna.,När man hoppas att något ska inträffa då håller man fingrarna.,
När man koncentrerar sig för att åstadkomma något svårt och inte blanda ihop många sakförhållanden håller man tungan rätt i...,Mun,När man koncentrerar sig för att åstadkomma något svårt och inte blanda ihop många sakförhållanden håller man tungan rätt i mun.,När man koncentrerar sig för att åstadkomma något svårt och inte blanda ihop många sakförhållanden håller man tungan rätt i hals.,
När man ger varandra väntjänster utan att det får märkas utåt håller man varandra om...,Ryggen,När man ger varandra väntjänster utan att det får märkas utåt håller man varandra om ryggen.,När man ger varandra väntjänster utan att det får märkas utåt håller man varandra i handen.,
När man ser till att fortsätta tills ett mål är uppnått håller man denna uppe. ,Ångan,När man ser till att fortsätta tills ett mål är uppnått håller man ångan uppe.,När man ser till att fortsätta tills ett mål är uppnått håller man orken uppe.,
Något som är på gränsen till att upphöra eller inte bli av hänger på en skör...,Tråd,Något som är på gränsen till att upphöra eller inte bli av hänger på en skör tråd.,Något som är på gränsen till att upphöra eller inte bli av hänger på en skör kvist.,
Om det i den omedelbara omgivningen inte sker någon aktivitet som leder till något resultat och den talande ska gå någon annan stans för att göra nytta sägs det att här blir inga sådana gjorda.,Barn,Om det i den omedelbara omgivningen inte sker någon aktivitet som leder till något resultat och den talande ska gå någon annanstans för att göra nytta sägs det att här blir inga barn gjorda.,Om det i den omedelbara omgivningen inte sker någon aktivitet som leder till något resultat och den talande ska gå någon annanstans för att göra nytta sägs det att här blir inga jobb gjorda.,
Någon som blir förvånad höjer på...,Ögonbrynen,Någon som blir förvånad höjer på ögonbrynen.,Någon som blir förvånad höjer på hatten.,
Någon som har extremt bra hörsel hör detta gro.,Gräset,Någon som har extremt bra hörsel hör gräset gro.,Någon som har extremt bra hörsel hör blomman gro.,
Något som händer i absolut sista stund innan det är för sent händer i dennes tid.,Grevens,Något som händer i absolut sista stund innan det är för sent händer i grevens tid.,Något som händer i absolut sista stund innan det är för sent händer i Eriks tid.,
Något som inte är lätt är ingen dans på...,Rosor,Något som inte är lätt är ingen dans på rosor.,Något som inte är lätt är ingen dans på gräset.,
"När man inte förvånar sig över att något inträffar en andra (tredje, osv.) gång så säger man att intet är nytt under...",Solen,När man inte förvånar sig över att något inträffar en andra gång så säger man att intet är nytt under solen.,När man inte förvånar sig över att något inträffar en andra gång så säger man att intet är nytt under himlen.,
När man talar klarspråk kallar man en sådan för en sådan. ,Spade,När man talar klarspråk kallar man en spade för en spade.,När man talar klarspråk kallar man en skruv för en skruv.,
Någon som blir utsläppt i ett sammanhang där hen okontrollerat kan ta för sig av det goda är en kalv på...,Grönbete,Någon som blir utsläppt i ett sammanhang där hen okontrollerat kan ta för sig av det goda är en kalv på grönbete.,Någon som blir utsläppt i ett sammanhang där hen okontrollerat kan ta för sig av det goda är en kalv på ängen.,
När man ger upp kastar man in...,Handduken,När man ger upp kastar man in handduken.,När man ger upp kastar man in lakan.,
När man tillför ny information som ökar möjligheterna att lösa ett problem då kastar man nytt sådant på det.,Ljus,När man tillför ny information som ökar möjligheterna att lösa ett problem då kastar man nytt ljus på det.,När man tillför ny information som ökar möjligheterna att lösa ett problem då kastar man nytt sken på det.,
När man slösar pengar på onödiga saker kastar man pengar i...,Sjön,När man slösar pengar på onödiga saker kastar man pengar i sjön.,När man slösar pengar på onödiga saker kastar man pengar i havet.,
När man ödslar något värdefullt på någon som inte kan uppskatta det kastar man pärlor åt...,Svin,När man ödslar något värdefullt på någon som inte kan uppskatta det kastar man pärlor åt svin.,När man ödslar något värdefullt på någon som inte kan uppskatta det kastar man pärlor åt tjuven.,
När man kommer med kritik fast man själv inte har rent samvete då kastar man sten i...,Glashus,När man kommer med kritik fast man själv inte har rent samvete då kastar man sten i glashus.,När man kommer med kritik fast man själv inte har rent samvete då kastar man sten i rutan.,
"En person som inte passar in i en ""finare"" samling personer och sticker ut från omgivningen är en katt bland...",Hermelinerna,"En person som inte passar in i en ""finare"" samling personer och sticker ut från omgivningen är en katt bland hermelinerna.","En person som inte passar in i en ""finare"" samling personer och sticker ut från omgivningen är en katt bland prinsessor.",x
Att agera mot någon på ett elakt sätt och förlänga ett lidande är som att köra kattens lek med...,Råttan,Att agera mot någon på ett elakt sätt och förlänga ett lidande är som att köra kattens lek med råttan.,Att agera mot någon på ett elakt sätt och förlänga ett lidande är som att köra kattens lek med fågeln.,
En skarp tillrättavisning är en sådan på näsan. ,Knäpp,En skarp tillrättavisning är en knäpp på näsan.,En skarp tillrättavisning är en slag på näsan.,
När det är fritt fram för någon eller något då är den här klar.,Kusten,När det är fritt fram för någon eller något då är kusten klar.,När det är fritt fram för någon eller något då är vägen klar.,
"När man känner sitt folk, ofta med antydan om att de har vissa betänkliga egenskaper, då säger man att man känner sina...",Pappenheimare ,"När man känner sitt folk, ofta med antydan om att de har vissa betänkliga egenskaper, då säger man att man känner sina pappenheimare.","När man känner sitt folk, ofta med antydan om att de har vissa betänkliga egenskaper, då säger man att man känner sina kompisar.",
När man envist fortsätter i en omöjlig situation kör man huvudet i...,Väggen,När man envist fortsätter i en omöjlig situation kör man huvudet i väggen.,När man envist fortsätter i en omöjlig situation kör man huvudet i taket.,
När man tvinger någon att lämna byggnaden kör man hen på...,Porten,När man tvingar någon att lämna byggnaden kör man hen på porten.,När man tvingar någon att lämna byggnaden kör man hen på dörren.,
När man genomför en sökning som har en ytterst liten chans för framgång letar man efter en nål i en...,Höstack,När man genomför en sökning som har en ytterst liten chans för framgång letar man efter en nål i en höstack.,När man genomför en sökning som har en ytterst liten chans för framgång letar man efter en nål i en äng.,
När något är utsålt så är det lapp på...,Luckan,När något är utsålt så är det lapp på luckan.,När något är utsålt så är det lapp på fönstret.,
När man lever så man precis klarar sig ekonomiskt lever man ur hand i...,Mun,När man lever så man precis klarar sig ekonomiskt lever man ur hand i mun.,När man lever så man precis klarar sig ekonomiskt lever man ur hand i magen.,
Någon som är redo att börja ligger i...,Startgroparna,Någon som är redo att börja ligger i startgroparna.,Någon som är redo att börja ligger i skon.,
Något som pekar emot något ligger i det här för det.,Fatet,Något som pekar emot något ligger i fatet för det.,Något som pekar emot något ligger i pannan för det.,
När man lovar mer än man kan hålla då lovar man det här och gröna skogar? ,Guld,När man lovar mer än man kan hålla då lovar man guld och gröna skogar.,När man lovar mer än man kan hålla då lovar man mjölk och gröna skogar.,
En person som har tur i något är lyckans...,Ost,En person som har tur i något är lyckans ost.,En person som har tur i något är lyckans svamp.,x
Att uppmärksammas när man inte deltar är att lysa med sin...,Frånvaro,Att uppmärksammas när man inte deltar är att lysa med sin frånvaro.,Att uppmärksammas när man inte deltar är att lysa med sin avgång.,
När man riskerar att förlora allt genom att inte sprida riskerna lägger man alla dessa i samma korg? ,Ägg,När man riskerar att förlora allt genom att inte sprida riskerna lägger man alla ägg i samma korg.,När man riskerar att förlora allt genom att inte sprida riskerna lägger man alla nycklar i samma korg.,
När man förvarar något för senare användning då lägger man det i ,Malpåse,När man förvarar något för senare användning då lägger man det i malpåse.,När man förvarar något för senare användning då lägger man det i påsen.,
När man berättar hela sanningen lägger man fram alla dessa på bordet.,Korten,När man berättar hela sanningen lägger man fram alla korten på bordet.,När man berättar hela sanningen lägger man fram alla planer på bordet.,
När man anstränger sig hårt för att lösa en viss uppgift lägger man vad till? ,Manken,När man anstränger sig hårt för att lösa en viss uppgift lägger man manken till.,När man anstränger sig hårt för att lösa en viss uppgift lägger man smöret till.,
När man sätter ett projekt eller en verksamhet på paus eller inte aktivt fortsätter med det så lägger man det på... ,"Hyllan, Is",När man sätter ett projekt eller en verksamhet på paus eller inte aktivt fortsätter med det så lägger man det på hyllan.,När man sätter ett projekt eller en verksamhet på paus eller inte aktivt fortsätter med det så lägger man det på vinden.,
När man lägger sig i sådant man inte har att göra med då lägger man näsan i ,Blöt,När man lägger sig i sådant man inte har att göra med då lägger man näsan i blöt.,När man lägger sig i sådant man inte har att göra med då lägger man näsan i något.,
Att grundlöst hävda att någon sagt något eller feltolka vad som blivit sagt är att lägga ord i någons...,Mun,Att grundlöst hävda att någon sagt något eller feltolka vad som blivit sagt är att lägga ord i någons mun.,Att grundlöst hävda att någon sagt något eller feltolka vad som blivit sagt är att lägga ord i någons röst.,
När man börjar springa snabbt eller att skynda sig då lägger man på en,Rem,När man börjar springa snabbt eller att skynda sig då lägger man på en rem.,När man börjar springa snabbt eller att skynda sig då lägger man på en tygel.,
När man överger någon som är i fara lämnar man hen i ,Sticket,När man överger någon som är i fara lämnar man hen i sticket.,När man överger någon som är i fara lämnar man hen i faran.,
När man förstår vad som egentligen avses fast den som framför budskapet av olika anledningar inte uttryckt det i klartext då läser man mellan...,Raderna,När man förstår vad som egentligen avses fast den som framför budskapet av olika anledningar inte uttryckt det i klartext då läser man mellan raderna.,När man förstår vad som egentligen avses fast den som framför budskapet av olika anledningar inte uttryckt det i klartext då läser man mellan orden.,
Ett talesätt bland aktiehandlare är att man ska köpa till sillen och sälja till...,Kräftorna,Ett talesätt bland aktiehandlare är att man ska köpa till sillen och sälja till kräftorna.,Ett talesätt bland aktiehandlare är att man ska köpa till sillen och sälja till fisken.,x
Om man inte har tillgång till något annat så tager man vad man...,Haver,Om man inte har tillgång till något annat så tager man vad man haver.,Om man inte har tillgång till något annat så tager man vad man har.,x
"Något man knappt, med ytterst svårighet, klarar, det klarar man med nöd och...",Näppe,"Något man knappt, med ytterst svårighet, klarar, det klarar man med nöd och näppe.","Något man knappt, med ytterst svårighet, klarar, det klarar man med nöd och ansträngning.",
När man talar med varandra i förtroende sker det mellan fyra...,Ögon,När man talar med varandra i förtroende sker det mellan fyra ögon.,När man talar med varandra i förtroende sker det mellan fyra öron.,
När man talar med varandra i enrum så sker det mellan skål och...,Vägg,När man talar med varandra i enrum så sker det mellan skål och vägg.,När man talar med varandra i enrum så sker det mellan skål och dörr.,
När båda kompromissar lika mycket så möts de på halva...,Vägen,När båda kompromissar lika mycket så möts de på halva vägen.,När båda kompromissar lika mycket så möts de på halva mitten.,
När någon plötsligt kommit till insikt om innebörden av ett problem så trillar denna ner.,Poletten,När någon plötsligt kommit till insikt om innebörden av ett problem så trillar poletten ner.,När någon plötsligt kommit till insikt om innebörden av ett problem så trillar mynten ner.,
När det är mycket brådskande att hitta en lösning på ett problem är goda råd...,Dyra,När det är mycket brådskande att hitta en lösning på ett problem är goda råd dyra.,När det är mycket brådskande att hitta en lösning på ett problem är goda råd svåra.,
När man är ute i ett okänt område är man ute på okänt,Vatten,När man är ute i ett okänt område är man ute på okänt vatten.,När man är ute i ett okänt område är man ute på okänt väg.,
När det verkligen gäller kommer det till...,Kritan,När det verkligen gäller kommer det till kritan.,När det verkligen gäller kommer det till kornet.,
Något problematiskt som måste lösas är en sådan att knäcka.,Nöt,Något problematiskt som måste lösas är en nöt att knäcka.,Något problematiskt som måste lösas är en skall att knäcka.,
"När man fatter det viktigaste beslutet, som inte kan ifrågasättas då visar man var ett sådant ska stå. ",Skapet ,"När man fattar det viktigaste beslutet, som inte kan ifrågasättas då visar man var skåpet ska stå.","När man fattar det viktigaste beslutet, som inte kan ifrågasättas då visar man var huset ska stå.",
Den siste kvarvarande försvararen är siste man på,Skansen,Den siste kvarvarande försvararen är siste man på skansen.,Den siste kvarvarande försvararen är siste man på borgen.,x
När man sätter igång med något skrider man på,Verket,När man sätter igång med något skrider man till verket.,När man sätter igång med något skrider man till stallet.,
Något som är osäkert är skrivet i,Stjärnorna,Något som är osäkert är skrivet i stjärnorna.,Något som är osäkert är skrivet i himlen.,
När man säger sin mening rakt på sak skräder man inte,Orden,När man säger sin mening rakt på sak skräder man inte orden.,När man säger sin mening rakt på sak skräder man inte talet.,
Det viktigaste argumentet som avgör en diskussion är den springande,Punkten,Det viktigaste argumentet som avgör en diskussion är den springande punkten.,Det viktigaste argumentet som avgör en diskussion är den springande sanningen.,
När man ärver eller tar över ett stort ansvar har man stora vad att fylla? ,Skor,När man ärver eller tar över ett stort ansvar har man stora skor att fylla.,När man ärver eller tar över ett stort ansvar har man stora kläder att fylla.,
Någon som ha tillräcklig styrka för att klara påfrestningar står,Pall,Någon som har tillräcklig styrka för att klara påfrestningar står pall.,Någon som har tillräcklig styrka för att klara påfrestningar står fast.,
När man berättar om sådant som hållits hemligt tar man vad från munnen? ,Bladet,När man berättar om sådant som hållits hemligt tar man bladet från munnen.,När man berättar om sådant som hållits hemligt tar man låset från munnen.,
När man fullständigt förstör något tar man vad på det? ,Kål,När man fullständigt förstör något tar man kål på det.,När man fullständigt förstör något tar man korn på det.,x
När man ser mycket förvånad ut och bli mållös ut utan att kunna dölja det tappar man,Hakan,När man ser mycket förvånad ut och blir mållös utan att kunna dölja det tappar man hakan.,När man ser mycket förvånad ut och blir mållös utan att kunna dölja det tappar man behärskningen.,
Någon som är ointelligent eller har långsam uppfattningsförmåga är tappad bakom en,Vagn,Någon som är ointelligent eller har långsam uppfattningsförmåga är tappad bakom en vagn. ,Någon som är ointelligent eller har långsam uppfattningsförmåga är tappad bakom en tåg. ,
Någon som är van vid förhållandena är varm i ,Kläderna,Någon som är van vid förhållandena är varm i kläderna.,Någon som är van vid förhållandena är varm i skorna.,
När man vet hur man ska göra för att få resultat vet man hur en vad ska dras? ,Slipsten,När man vet hur man ska göra för att få resultat vet man hur en slipsten ska dras.,När man vet hur man ska göra för att få resultat vet man hur en sten ska dras.,
Någon som är duktig visar ,Framfötterna,Någon som är duktig visar framfötterna.,Någon som är duktig visar pannben.,
